mission,level,song,author,description,type,premium+,location,path
-,6,whiskey in the jar (in G),thin lizzy,full rhythm,song,TRUE,guitar-home-new,
-,6,seasons of love,rent,melody,song,TRUE,guitar-home-new,
-,6,better together,jack johnson,fancy chords (capo),song,TRUE,guitar-home-new,
-,6,hey laura,gregory porter,fancy chords,song,TRUE,guitar-home-new,
-,7,i get around,the beach boys,low rhythm,song,TRUE,guitar-home-new,
-,7,grandma's hands,bill withers,lead,song,TRUE,guitar-home-new,
-,7,grandma's hands,bill withers,fingerpicking,song,TRUE,guitar-home-new,
-,6,grandma's hands,bill withers,fancy chords,song,TRUE,guitar-home-new,
-,6,should've been a cowboy,toby keith,rhythm & lead,song,TRUE,guitar-home-new,
-,7,i was made for lovin' you (in Em),kiss,main rhythm,song,TRUE,guitar-home-new,
-,6,banana pancakes,jack johnson,fancy chords,song,TRUE,guitar-home-new,
-,7,don't cry for me argentina,evita,fingerpicking,song,TRUE,guitar-home-new,
-,7,kickstarts,example,movable chords,song,TRUE,guitar-home-new,
-,6,texas flood (in G),stevie ray vaughan,fancy chords,song,TRUE,guitar-home-new,
-,7,good vibrations,the beach boys,melody,song,TRUE,guitar-home-new,
-,7,dirty work (in C),steely dan,melody & solo,song,TRUE,guitar-home-new,
-,7,tuesday's gone,lynyrd skynyrd,main rhythm,song,TRUE,guitar-home-new,
-,6,road trippin',red hot chili peppers,fancy chords,song,TRUE,guitar-home-new,
-,6,all out of love,air supply,fancy chords,song,TRUE,guitar-home-new,
-,6,won't go home without you (in E),maroon 5,fancy chords,song,TRUE,guitar-home-new,
play strings,0,intro & tuning,the yousicians,-,video,FALSE,guitar-learn-missions,-
play strings,0,life in tune (lesson),the yousicians,exercise,song,FALSE,guitar-learn-missions,-
play strings,0,spanish romance (short),traditional,open strings,song,FALSE,guitar-learn-missions,-
play frets,0,playing frets,the yousicians,-,video,FALSE,guitar-learn-missions,-
play frets,0,down the line (tutorial),the yousicians,intro to frets,song,FALSE,guitar-learn-missions,-
play frets,0,love on the rocks,the yousicians,basic melody,song,FALSE,guitar-learn-missions,-
play frets,0,picking strings,the yousicians,-,video,FALSE,guitar-learn-missions,-
play frets,0,first light,the yousicians,simplified melody,song,FALSE,guitar-learn-missions,-
skill test (level 1),0,set me free,the yousicians,basic melody,song,FALSE,guitar-learn-missions,-
skill test (level 1),0,video: choose your path,the yousicians,-,video,FALSE,guitar-learn-missions,-
skill test (lead level 7),7,modern vintage,the yousicians,legato melody,song,FALSE,guitar-learn-missions,lead
double stops,7,video: double stops (strumming),the yousicians,-,video,FALSE,guitar-learn-missions,lead
double stops,7,trainer: double stops (strumming),the yousicians,-,trainer,FALSE,guitar-learn-missions,lead
double stops,7,set me free,the yousicians,double stop melody,song,FALSE,guitar-learn-missions,lead
double stops,7,swamp thang,the yousicians,double stops,song,FALSE,guitar-learn-missions,lead
double stops,7,video: double stops (hybrid picking),the yousicians,-,video,FALSE,guitar-learn-missions,lead
double stops,7,trainer: double stops (hybrid picking),the yousicians,-,trainer,FALSE,guitar-learn-missions,lead
double stops,7,walzing matilda (in G),traditional,double stop melody,song,FALSE,guitar-learn-missions,lead
double stops,7,molly malone (fast),traditional,double stop melody,song,FALSE,guitar-learn-missions,lead
double stops,7,barre your soul,the yousicians,double stop melody,song,FALSE,guitar-learn-missions,lead
double stops,7,st louis blues,traditional,double stops,song,FALSE,guitar-learn-missions,lead
picking skills,7,video: alternate picking,-,-,video,FALSE,guitar-learn-missions,lead
picking skills,7,trainer: alternate picking,-,-,trainer,FALSE,guitar-learn-missions,lead
picking skills,7,reggae party,the yousicians,melody & solo,song,FALSE,guitar-learn-missions,lead
picking skills,7,minuet in G (metal),christian petzold,main melody,song,FALSE,guitar-learn-missions,lead
picking skills,7,modern vintage,?,picking melody,song,FALSE,guitar-learn-missions,lead
picking skills,7,video: economy picking,-,-,video,FALSE,guitar-learn-missions,lead
picking skills,7,trainer: economy picking,-,-,trainer,FALSE,guitar-learn-missions,lead
picking skills,7,wedding march,?,melody,song,FALSE,guitar-learn-missions,lead
picking skills,7,minuet in G (rock),?,melody,song,FALSE,guitar-learn-missions,lead
picking skills,7,asturias (metal),?,melody,song,FALSE,guitar-learn-missions,lead
skill test (rhythm level 7),7,sitting on a park bench,the yousicians,fancy chord riff,song,FALSE,guitar-learn-missions,rhythm
skill test (rhythm level 7),7,chord trainer: fancy & big 5ths,-,-,trainer,FALSE,guitar-learn-missions,rhythm
fingerpicking,7,video: fingerpicking technique,-,-,video,FALSE,guitar-learn-missions,rhythm
fingerpicking,7,trainer: fingerpicking arpeggios,-,-,trainer,FALSE,guitar-learn-missions,rhythm
fingerpicking,7,spanish romance,traditional,fingerpicking,song,FALSE,guitar-learn-missions,rhythm
fingerpicking,7,cowboy exit music,the yousicians,fingerpicking,song,FALSE,guitar-learn-missions,rhythm
fingerpicking,7,trainer: alternating bass,-,-,trainer,FALSE,guitar-learn-missions,rhythm
fingerpicking,7,hammer song,the yousicians,fingerpicking,song,FALSE,guitar-learn-missions,rhythm
fingerpicking,7,first light,the yousicians,fingerpicking,song,FALSE,guitar-learn-missions,rhythm
fingerpicking,7,video: fingerpicking chrods,-,-,video,FALSE,guitar-learn-missions,rhythm
fingerpicking,7,trainer: fingerpicking chrods,-,-,trainer,FALSE,guitar-learn-missions,rhythm
fingerpicking,7,walzing matilda (in G),traditional,basic fingerpicking,song,FALSE,guitar-learn-missions,rhythm
fingerpicking,7,summer of love,the yousicians,basic fingerpicking,song,FALSE,guitar-learn-missions,rhythm
moveable chords,7,video: moveable chords,-,-,video,FALSE,guitar-learn-missions,rhythm
moveable chords,7,chord trainer: moveable chords,-,-,trainer,FALSE,guitar-learn-missions,rhythm
moveable chords,7,stronger than life,?,moveable chords,song,FALSE,guitar-learn-missions,rhythm
moveable chords,7,chord trainer: root-5 major,-,-,trainer,FALSE,guitar-learn-missions,rhythm
moveable chords,7,rusty ground,?,moveable chord riff,song,FALSE,guitar-learn-missions,rhythm
moveable chords,7,video: chicks & stops,-,-,video,FALSE,guitar-learn-missions,rhythm
moveable chords,7,trainer: chicks & stops,-,-,trainer,FALSE,guitar-learn-missions,rhythm
moveable chords,7,very far away,?,moveable chords,song,FALSE,guitar-learn-missions,rhythm
moveable chords,7,skateheart,?,moveable chords,song,FALSE,guitar-learn-missions,rhythm
moveable chords,7,chord trainer: moveable 7ths,-,-,trainer,FALSE,guitar-learn-missions,rhythm
moveable chords,7,frankie & johnny,?,moveable chords,song,FALSE,guitar-learn-missions,rhythm
moveable chords,7,winter jazz,?,moveable chords,song,FALSE,guitar-learn-missions,rhythm
skill test (lead level 8),8,canon (in D),johann pachelbel,main melody,song,FALSE,guitar-learn-missions,lead
string bender,8,video: reinforced bending,-,-,video,FALSE,guitar-learn-missions,lead
string bender,8,trainer: reinforced bending,-,-,trainer,FALSE,guitar-learn-missions,lead
string bender,8,syrup with honey,the yousicians,expressive melody,song,FALSE,guitar-learn-missions,lead
string bender,8,zombiefication,the yousicians,melody,song,FALSE,guitar-learn-missions,lead
string bender,8,bent on bending,the yousicians,bending melody,song,FALSE,guitar-learn-missions,lead
string bender,8,"video: bend, hold, release",-,-,video,FALSE,guitar-learn-missions,lead
string bender,8,"trainer: bend, hold, release",-,-,trainer,FALSE,guitar-learn-missions,lead
string bender,8,somewhere,?,bending melody,song,FALSE,guitar-learn-missions,lead
string bender,8,bending the spoon,?,bending melody,song,FALSE,guitar-learn-missions,lead
string bender,8,the day before today,?,melody,song,FALSE,guitar-learn-missions,lead
chord trainers,1,chord trainer: cowboy - E Em Am,-,-,trainer,FALSE,guitar-learn-workouts,
happy holidays,1,o holy night,traditional,basic riff,song,FALSE,guitar-songs-popular,
new wave of british heavy metal,2,heavy metal in my veins,the yousicians,basic riff,song,FALSE,guitar-challenges,
new wave of british heavy metal,5,the witch,the yousicians,power chords,song,FALSE,guitar-challenges,
new wave of british heavy metal,7,the witch,the yousicians,rhythm & lead,song,FALSE,guitar-challenges,
new wave of british heavy metal,10,heavy metal in my veins,the yousicians,rhythm & lead,song,FALSE,guitar-challenges,
challenge with a capital C,2,challenge yourself,the yousicians,basic riff,song,FALSE,guitar-challenges,
challenge with a capital C,4,have faith,the yousicians,cowboy chords,song,FALSE,guitar-challenges,
challenge with a capital C,7,have faith,the yousicians,moveable chords,song,FALSE,guitar-challenges,
challenge with a capital C,9,challenge yourself,the yousicians,rhythm & lead,song,FALSE,guitar-challenges,
back to bach,3,violin partita no. 1: sarabande (in Am),johann sebastian bach,melody,song,FALSE,guitar-challenges,
back to bach,4,"cello suite no. 1 part 1 (in C, full)",johann sebastian bach,cowboy chords,song,FALSE,guitar-challenges,
back to bach,7,violin partita no. 1: sarabande (in Am),johann sebastian bach,fingerpicking,song,FALSE,guitar-challenges,
back to bach,10,"cello suite no. 1 part 1 (in C, full)",johann sebastian bach,full melody,song,FALSE,guitar-challenges,
ruff rockin',2,party on the boulevard,the yousicians,basic riff,song,FALSE,guitar-challenges,
ruff rockin',5,back in the app,the yousicians,power chords,song,FALSE,guitar-challenges,
ruff rockin',7,back in the app,the yousicians,rhythm,song,FALSE,guitar-challenges,
ruff rockin',9,party on the boulevard,the yousicians,rhythm & lead,song,FALSE,guitar-challenges,
classical piano favorites,3,gymnopedie no.1,erik satie,melody,song,FALSE,guitar-challenges,
classical piano favorites,4,fur elise (challenge),ludwig van beethoven,cowboy chords,song,FALSE,guitar-challenges,
classical piano favorites,7,gymnopedie no.1,erik satie,fingerpicking,song,FALSE,guitar-challenges,
classical piano favorites,8,fur elise (challenge),ludwig van beethoven,melody,song,FALSE,guitar-challenges,
at the gym,2,person of the hour,the yousicians,basic riff,song,FALSE,guitar-challenges,
at the gym,3,the gentle art of pumping,the yousicians,riff,song,FALSE,guitar-challenges,
at the gym,8,the gentle art of pumping,the yousicians,rhythm & lead,song,FALSE,guitar-challenges,
at the gym,10,person of the hour,the yousicians,rhythm & lead,song,FALSE,guitar-challenges,
carols through the ages,3,god rest ye merry gentleman,traditional,melody,song,FALSE,guitar-challenges,
carols through the ages,4,carol of the bells,mykola leontovych,cowboy chords,song,FALSE,guitar-challenges,
carols through the ages,7,carol of the bells,mykola leontovych,fingerpicking,song,FALSE,guitar-challenges,
carols through the ages,8,god rest ye merry gentleman (in Am),traditional,chords,song,FALSE,guitar-challenges,
swing with santa,2,o little town of betlehem,lewis redner,basic riff,song,FALSE,guitar-challenges,
swing with santa,4,away in a manger,traditional,cowboy chords,song,FALSE,guitar-challenges,
swing with santa,7,away in a manger,traditional,fingerpicking,song,FALSE,guitar-challenges,
swing with santa,9,o little town of betlehem,lewis redner,rhythm,song,FALSE,guitar-challenges,
life on horseback,3,bring me the sheriff,the yousicians,cowboy chords,song,FALSE,guitar-challenges,
life on horseback,4,life on horseback,the yousicians,cowboy chords,song,FALSE,guitar-challenges,
life on horseback,7,life on horseback,the yousicians,fingerpicking,song,FALSE,guitar-challenges,
life on horseback,9,bring me the sheriff,the yousicians,rhythm & lead,song,FALSE,guitar-challenges,
fire & ice - iceland 100 years,1,vulkanik,the yousicians,basic riff,song,FALSE,guitar-challenges,
fire & ice - iceland 100 years,4,ladimagia,the yousicians,cowboy chords,song,FALSE,guitar-challenges,
fire & ice - iceland 100 years,7,vulkanik,the yousicians,rhythm,song,FALSE,guitar-challenges,
fire & ice - iceland 100 years,7,ladimagia,the yousicians,fingerpicking,song,FALSE,guitar-challenges,
strum with the machines,2,light the spark,the yousicians,basic riff,song,FALSE,guitar-challenges,
strum with the machines,4,worry free,the yousicians,cowboy chords,song,FALSE,guitar-challenges,
strum with the machines,6,light the spark,the yousicians,fast strumming,song,FALSE,guitar-challenges,
strum with the machines,7,worry free,the yousicians,melody,song,FALSE,guitar-challenges,
three minute love story,2,buenos aires,the yousicians,basic riff,song,FALSE,guitar-challenges,
three minute love story,4,anhelo,the yousicians,cowboy chords,song,FALSE,guitar-challenges,
three minute love story,7,anhelo,the yousicians,fingerpicking,song,FALSE,guitar-challenges,
three minute love story,8,buenos aires,the yousicians,rhythm & melody,song,FALSE,guitar-challenges,
the challenge must go on,2,the excalibur,the yousicians,basic riff,song,FALSE,guitar-challenges,
the challenge must go on,4,waltz into the night,the yousicians,melody,song,FALSE,guitar-challenges,
the challenge must go on,6,waltz into the night,the yousicians,fancy chords,song,FALSE,guitar-challenges,
the challenge must go on,9,the excalibur,the yousicians,rhythm & lead,song,FALSE,guitar-challenges,
-,5,roots,imagine dragons,accompaniment,song,TRUE,piano-home-new,
-,5,nothing like us,justin bieber,chords,song,TRUE,piano-home-new,
-,5,better together,jack johnson,chords,song,TRUE,piano-home-new,
-,5,scar tissue,red hot chili peppers,accompaniment,song,TRUE,piano-home-new,
-,5,i get around,beach boys,accompaniment,song,TRUE,piano-home-new,
-,5,hey laura,gregory porter,accompaniment,song,TRUE,piano-home-new,
-,6,should've been a cowboy,toby keith,chords,song,TRUE,piano-home-new,
-,5,grandma's hands,bill withers,chords,song,TRUE,piano-home-new,
-,6,i was made for lovin' you (in Em),kiss,accompaniment,song,TRUE,piano-home-new,
-,5,banana pancakes,jack johnson,chords,song,TRUE,piano-home-new,
-,6,don't cry for me argentina,evita,accompaniment,song,TRUE,piano-home-new,
-,6,no more mr. nice guy,alice cooper,chords,song,TRUE,piano-home-new,
-,5,don't walk away (in Dm),jade,accompaniment,song,TRUE,piano-home-new,
-,6,kickstarts,example,accompaniment,song,TRUE,piano-home-new,
-,5,dani california,red hot chili peppers,accompaniment,song,TRUE,piano-home-new,
-,6,tuesday's gone,lynyrd skynyrd,full melody,song,TRUE,piano-home-new,
-,6,sweet caroline,neil diamond,bass,song,TRUE,piano-home-new,
-,6,sweet caroline,neil diamond,rh melody,song,TRUE,piano-home-new,
-,5,road trippin',red hot chili peppers,accompaniment,song,TRUE,piano-home-new,
-,6,do it again,steely dan,rh chords,song,TRUE,piano-home-new,
let's play,0,start here,-,-,video,FALSE,piano-learn-missions,-
let's play,0,hand position and posture,-,-,video,FALSE,piano-learn-missions,-
let's play,0,set me free (lesson 1),the yousicians,tutorial,song,FALSE,piano-learn-missions,-
let's play,0,musical alphabet,-,-,video,FALSE,piano-learn-missions,-
let's play,0,fur elise (lesson),ludwig van beethoven,tutorial,song,FALSE,piano-learn-missions,-
unlock level 1,0,"air (in C, partial)",johann sebastian bach,four notes,song,FALSE,piano-learn-missions,-
reading notes on the staff,1,introducing the classical path,-,-,video,FALSE,piano-learn-missions,classical
reading notes on the staff,1,reading middle C and D,-,-,trainer,FALSE,piano-learn-missions,classical
reading notes on the staff,1,canon (in C),johann pachelbel,2 note,song,FALSE,piano-learn-missions,classical
reading notes on the staff,1,little prelude in C,johann sebastian bach,2 note,song,FALSE,piano-learn-missions,classical
reading notes on the staff,1,windy shores (short),the yousicians,2 note,song,FALSE,piano-learn-missions,classical
songs for three keys,1,reading E,-,-,trainer,FALSE,piano-learn-missions,classical
songs for three keys,1,mary had a little lamb,traditional,3 notes,song,FALSE,piano-learn-missions,classical
songs for three keys,1,gazing at stars (short),the yousicians,3 notes,song,FALSE,piano-learn-missions,classical
songs for three keys,1,canon (in C),johann pachelbel,3 note,song,FALSE,piano-learn-missions,classical
basic notes & beats,1,video: staff & clefs,-,-,video,FALSE,piano-learn-missions,knowledge
basic notes & beats,1,"""C"" me switch hands",the yousicians,exercise,song,FALSE,piano-learn-missions,knowledge
basic notes & beats,1,video: beats and bars,-,-,video,FALSE,piano-learn-missions,knowledge
basic notes & beats,1,feel the beat (in C),the yousicians,exercise,song,FALSE,piano-learn-missions,knowledge
basic notes & beats,1,video: up & down,-,-,video,FALSE,piano-learn-missions,knowledge
basic notes & beats,1,pitch goes up & down (piano),the yousicians,exercise,song,FALSE,piano-learn-missions,knowledge
basic notes & beats,1,video: half & whole steps,-,-,video,FALSE,piano-learn-missions,knowledge
basic notes & beats,1,"half step, whole step (piano)",the yousicians,exercise,song,FALSE,piano-learn-missions,knowledge
ear training: up & down,1,ear puzzles: going up,-,-,puzzle,FALSE,piano-learn-missions,knowledge
ear training: up & down,1,ear puzzles: up & down,-,-,puzzle,FALSE,piano-learn-missions,knowledge
ear training: up & down,1,ear puzzles: up-down-same,-,-,puzzle,FALSE,piano-learn-missions,knowledge
ear training: up & down,1,note finder: low & high,-,-,finder,FALSE,piano-learn-missions,knowledge
all about that bass,1,bass lines,-,-,video,FALSE,piano-learn-missions,pop
all about that bass,1,got the moves,the yousicians,bass pause,song,FALSE,piano-learn-missions,pop
all about that bass,1,voice from the inside (short),the yousicians,bass,song,FALSE,piano-learn-missions,pop
all about that bass,1,summer nights (short),the yousicians,bass,song,FALSE,piano-learn-missions,pop
all about that bass,1,staricase boogie (in E),the yousicians,bass,song,FALSE,piano-learn-missions,pop
E minor chord,1,introduction to chords,-,-,video,FALSE,piano-learn-missions,pop
E minor chord,1,Em chord trainer,-,-,trainer,FALSE,piano-learn-missions,pop
E minor chord,1,minor step (Em only),the yousicians,chords,song,FALSE,piano-learn-missions,pop
E minor chord,1,solid & broken chords,-,-,video,FALSE,piano-learn-missions,pop
E minor chord,1,memories of you,the yousicians,exercise,song,FALSE,piano-learn-missions,pop
E minor chord,1,staircase boogie (in E),the yousicians,Em chord,song,FALSE,piano-learn-missions,pop
level 2 skill test - classical,2,skipping stone,-,-,song,FALSE,piano-learn-missions,classical
four-note melodies,2,reading F,-,-,trainer,FALSE,piano-learn-missions,classical
four-note melodies,2,walking on air,the yousicians,4 note,song,FALSE,piano-learn-missions,classical
four-note melodies,2,blue danube,johann strauss II,4 note,song,FALSE,piano-learn-missions,classical
four-note melodies,2,moonlight sonata (in Am),ludwig van beethoven,4 note,song,FALSE,piano-learn-missions,classical
five-note classics,2,reading G,-,-,trainer,FALSE,piano-learn-missions,classical
five-note classics,2,ode to joy (slow),ludwig van beethoven,5 note,song,FALSE,piano-learn-missions,classical
five-note classics,2,drink to me only with thine eyes (short),traditional,5 notes,song,FALSE,piano-learn-missions,classical
five-note classics,2,trainer skipping E to G,the yousicians,exercise,song,FALSE,piano-learn-missions,classical
five-note classics,2,new world symphony (in C),antonin dvorak,5 note,song,FALSE,piano-learn-missions,classical
unlock level 2,2,drink to me only with thine eyes (short),traditional,5 notes,song,FALSE,piano-learn-missions,knowledge
musical alphabet,2,video: musical alphabet,-,-,video,FALSE,piano-learn-missions,knowledge
musical alphabet,2,musical alphabet,the yousicians,exercise,song,FALSE,piano-learn-missions,knowledge
musical alphabet,2,bit cats eat fast,the yousicians,exercise,song,FALSE,piano-learn-missions,knowledge
musical alphabet,2,video: major scale,-,-,video,FALSE,piano-learn-missions,knowledge
musical alphabet,2,tutorial: thumb under,-,-,video,FALSE,piano-learn-missions,knowledge
musical alphabet,2,trainer: C major scale,-,-,trainer,FALSE,piano-learn-missions,knowledge
musical alphabet,2,"video: whole, half, quarter",-,-,video,FALSE,piano-learn-missions,knowledge
musical alphabet,2,"whole, half, quarter",the yousicians,exercise,song,FALSE,piano-learn-missions,knowledge
ear training: smaller steps,2,ear puzzles: four notes,-,-,trainer,FALSE,piano-learn-missions,knowledge
ear training: smaller steps,2,ear puzzles: six notes,-,-,trainer,FALSE,piano-learn-missions,knowledge
ear training: smaller steps,2,ear puzzles: eight notes,-,-,trainer,FALSE,piano-learn-missions,knowledge
ear training: smaller steps,2,note-finder: 5 notes,-,-,finder,FALSE,piano-learn-missions,knowledge
level 2 skill test - pop,2,creatures of my mind (short),-,-,song,FALSE,piano-learn-missions,pop
two-hand tunes,2,playing with two hands,-,-,video,FALSE,piano-learn-missions,pop
two-hand tunes,2,one mand band (lesson 1),2 hands,2 hands,song,FALSE,piano-learn-missions,pop
two-hand tunes,2,practice mode,-,-,video,FALSE,piano-learn-missions,pop
two-hand tunes,2,voice from the inside (short),2 hands,2 hands,song,FALSE,piano-learn-missions,pop
mellow minor chords,2,learn the A minor chord,-,-,video,FALSE,piano-learn-missions,pop
mellow minor chords,2,Am chord trainer,-,-,trainer,FALSE,piano-learn-missions,pop
mellow minor chords,2,house of the rising sun,traditional,Am,song,FALSE,piano-learn-missions,pop
mellow minor chords,2,changing chords: Em & Am,-,-,video,FALSE,piano-learn-missions,pop
mellow minor chords,2,Em and Am chord trainer,-,-,trainer,FALSE,piano-learn-missions,pop
mellow minor chords,2,minor step (Em-Am),the yousicians,chords,song,FALSE,piano-learn-missions,pop
mellow minor chords,2,piano gangsta (in Am),the yousicians,Am-Em chords,song,FALSE,piano-learn-missions,pop
level 3 skill test - classical,3,when the saints go marching in (slow),?,-,song,FALSE,piano-learn-missions,classical
playing with two hands,3,practice mode,-,-,video,FALSE,piano-learn-missions,classical
playing with two hands,3,reading bass G,-,-,trainer,FALSE,piano-learn-missions,classical
playing with two hands,3,dreamer,the yousicians,2 hands,song,FALSE,piano-learn-missions,classical
playing with two hands,3,speed trainer: C position,-,-,trainer,FALSE,piano-learn-missions,classical
playing with two hands,3,frere jacques (in C),traditional,2 hands,song,FALSE,piano-learn-missions,classical
playing with two hands,3,molly malone (instrumental in C),traditional,2 hands,song,FALSE,piano-learn-missions,classical
famous folk songs,3,reading bass A,-,-,trainer,FALSE,piano-learn-missions,classical
famous folk songs,3,amazing grace (piano in C),traditional,2 hand melody,song,FALSE,piano-learn-missions,classical
famous folk songs,3,reading bass B,-,-,trainer,FALSE,piano-learn-missions,classical
famous folk songs,3,yankee doodle,traditional,2 hand melody,song,FALSE,piano-learn-missions,classical
famous folk songs,3,my loving brother,traditional,2 hand melody,song,FALSE,piano-learn-missions,classical
famous folk songs,3,walzing matilda (instrumental in C),traditional,2 hand melody,song,FALSE,piano-learn-missions,classical
unlock level 3,3,lil' liza jane,traditional,unlock level 3,song,FALSE,piano-learn-missions,knowledge
sharps & flats,3,video: scale degrees & major chord,-,-,video,FALSE,piano-learn-missions,knowledge
sharps & flats,3,chord trainer: C major triad,-,-,trainer,FALSE,piano-learn-missions,knowledge
sharps & flats,3,tutorial: sharps,-,-,video,FALSE,piano-learn-missions,knowledge
sharps & flats,3,trainer: reading G#,-,-,trainer,FALSE,piano-learn-missions,knowledge
sharps & flats,3,tutorial: flats,-,-,video,FALSE,piano-learn-missions,knowledge
sharps & flats,3,trainer: reading Gb,-,-,trainer,FALSE,piano-learn-missions,knowledge
sharps & flats,3,"sharps go up, flats go down",the yousicians,right hands,song,FALSE,piano-learn-missions,knowledge
sharps & flats,3,video: major & minor thirds,-,-,video,FALSE,piano-learn-missions,knowledge
sharps & flats,3,major & minor thirds,the yousicians,exercise,song,FALSE,piano-learn-missions,knowledge
sharps & flats,3,video: beats per bar,-,-,video,FALSE,piano-learn-missions,knowledge
sharps & flats,3,fours & threes,the yousicians,exercise,song,FALSE,piano-learn-missions,knowledge
ear training: major scale,3,ear puzzles: 5-note scale,-,-,puzzle,FALSE,piano-learn-missions,knowledge
ear training: major scale,3,ear puzzles: 8-note scale,-,-,puzzle,FALSE,piano-learn-missions,knowledge
ear training: major scale,3,ear puzzles: harmony,-,-,puzzle,FALSE,piano-learn-missions,knowledge
ear training: major scale,3,note-finder: major scale,-,-,finder,FALSE,piano-learn-missions,knowledge
level 3 skill test - pop,3,gazing at stars (short),?,-,song,FALSE,piano-learn-missions,pop
three-chord songs,3,learn the C chord,-,-,video,FALSE,piano-learn-missions,pop
three-chord songs,3,C chord trainer,-,-,trainer,FALSE,piano-learn-missions,pop
three-chord songs,3,dreamer,the yousicians,C chord,song,FALSE,piano-learn-missions,pop
three-chord songs,3,C and Am chord trainer,-,-,trainer,FALSE,piano-learn-missions,pop
three-chord songs,3,the way she plays,the yousicians,C chord,song,FALSE,piano-learn-missions,pop
three-chord songs,3,"changing chords: Em, Am & C",-,-,video,FALSE,piano-learn-missions,pop
three-chord songs,3,"chord trainer: Em, Am & C",-,-,trainer,FALSE,piano-learn-missions,pop
three-chord songs,3,city life,the yousicians,C chord,song,FALSE,piano-learn-missions,pop
three-chord songs,3,one mand band (lesson 2),the yousicians,C chord,song,FALSE,piano-learn-missions,pop
root notes,3,root notes,-,-,video,FALSE,piano-learn-missions,pop
root notes,3,root notes: Em and Am,-,-,trainer,FALSE,piano-learn-missions,pop
root notes,3,got the moves,the yousicians,root notes,song,FALSE,piano-learn-missions,pop
root notes,3,"root notes: Em, Am & C",-,-,trainer,FALSE,piano-learn-missions,pop
root notes,3,summer nights (short),the yousicians,root notes,song,FALSE,piano-learn-missions,pop
level 4 skill test - classical,4,lil' liza jane,?,-,song,FALSE,piano-learn-missions,classical
D minor position,4,D minor position,-,-,trainer,FALSE,piano-learn-missions,classical
D minor position,4,reading A,-,-,trainer,FALSE,piano-learn-missions,classical
D minor position,4,windy shores (short),the yousicians,Dm position,song,FALSE,piano-learn-missions,classical
D minor position,4,trainer: changing between hands,-,-,trainer,FALSE,piano-learn-missions,classical
D minor position,4,oh! susanna (in C),traditional,Dm position,song,FALSE,piano-learn-missions,classical
D minor position,4,auld lang syne (piano in C),traditional,melody,song,FALSE,piano-learn-missions,classical
traditional tunes,4,changing hand position,-,-,video,FALSE,piano-learn-missions,classical
traditional tunes,4,trainer: hand position change,-,-,trainer,FALSE,piano-learn-missions,classical
traditional tunes,4,"twinkle, twinke, little star (ballad)",traditional,traditional,song,FALSE,piano-learn-missions,classical
traditional tunes,4,tied notes,-,-,video,FALSE,piano-learn-missions,classical
traditional tunes,4,reading bass F,-,-,trainer,FALSE,piano-learn-missions,classical
traditional tunes,4,gazing at stars (short),the yousicians,traditional,song,FALSE,piano-learn-missions,classical
traditional tunes,4,camptown races (short in F),traditional,traditional,song,FALSE,piano-learn-missions,classical
level 4 skill test - knowledge,4,quiz: knowledge level 4,-,-,quiz,FALSE,piano-learn-missions,knowledge
minor scales & chords,4,video: major & minor chords,-,-,video,FALSE,piano-learn-missions,knowledge
minor scales & chords,4,chord trainer: C major & C minor,-,-,trainer,FALSE,piano-learn-missions,knowledge
minor scales & chords,4,C major & C minor,the yousicians,exercise,song,FALSE,piano-learn-missions,knowledge
minor scales & chords,4,video: minor scale,-,-,video,FALSE,piano-learn-missions,knowledge
minor scales & chords,4,trainer: A minor scale,-,-,trainer,FALSE,piano-learn-missions,knowledge
minor scales & chords,4,video: relative major & minor,-,-,video,FALSE,piano-learn-missions,knowledge
minor scales & chords,4,relative major & minor,the yousicians,exercise,song,FALSE,piano-learn-missions,knowledge
minor scales & chords,4,video: intervals - fifths,-,-,video,FALSE,piano-learn-missions,knowledge
minor scales & chords,4,intervals - fifths,the yousicians,exercise,song,FALSE,piano-learn-missions,knowledge
minor scales & chords,4,trainer: a minor triad,-,-,trainer,FALSE,piano-learn-missions,knowledge
minor scales & chords,4,rhythm: takadimi,-,-,video,FALSE,piano-learn-missions,knowledge
minor scales & chords,4,note lengths: takadimi,the yousicians,exercise,song,FALSE,piano-learn-missions,knowledge
ear training: half steps,4,ear puzzles: half steps,-,-,puzzle,FALSE,piano-learn-missions,knowledge
ear training: half steps,4,ear puzzles: melody,-,-,puzzle,FALSE,piano-learn-missions,knowledge
ear training: half steps,4,ear puzzles: half step harmony,-,-,puzzle,FALSE,piano-learn-missions,knowledge
ear training: half steps,4,note-finder: minor scale,-,-,finder,FALSE,piano-learn-missions,knowledge
level 4 skill test - pop,4,creatures of my mind (short),?,-,song,FALSE,piano-learn-missions,pop
funky F chord,4,learn the F chord,-,-,video,FALSE,piano-learn-missions,pop
funky F chord,4,chord trainer: F,-,-,trainer,FALSE,piano-learn-missions,pop
funky F chord,4,F groove,the yousicians,exercise,song,FALSE,piano-learn-missions,pop
funky F chord,4,F and C root notes,-,-,video,FALSE,piano-learn-missions,pop
funky F chord,4,chord trainer: F and C,-,-,trainer,FALSE,piano-learn-missions,pop
funky F chord,4,root notes: F and C,-,-,trainer,FALSE,piano-learn-missions,pop
funky F chord,4,i'm a keyboard guy,the yousicians,exercise,song,FALSE,piano-learn-missions,pop
G unit,4,learn the G chord,-,-,video,FALSE,piano-learn-missions,pop
G unit,4,chord trainer: G,-,-,trainer,FALSE,piano-learn-missions,pop
G unit,4,G groove,the yousicians,exercise,song,FALSE,piano-learn-missions,pop
G unit,4,F and G root notes,-,-,video,FALSE,piano-learn-missions,pop
G unit,4,chord trainer: F and G,-,-,trainer,FALSE,piano-learn-missions,pop
G unit,4,root notes: F and G,-,-,trainer,FALSE,piano-learn-missions,pop
G unit,4,groove like grandpa,the yousicians,G chord,song,FALSE,piano-learn-missions,pop
level 5 skill test - classical,5,arkansas traveller (in F),?,-,song,FALSE,piano-learn-missions,classical
hands together,5,reading bass C,-,-,trainer,FALSE,piano-learn-missions,classical
hands together,5,trainer: hands together,-,-,trainer,FALSE,piano-learn-missions,classical
hands together,5,dreamer,the yousicians,hands together,song,FALSE,piano-learn-missions,classical
hands together,5,trainer: C position hands together,-,-,trainer,FALSE,piano-learn-missions,classical
hands together,5,ode to joy (slow),ludwig van beethoven,hands together,song,FALSE,piano-learn-missions,classical
hands together,5,drink to me only with thine eyes (short),traditional,hands together,song,FALSE,piano-learn-missions,classical
melody and bass,5,trainer: review C and G,-,-,trainer,FALSE,piano-learn-missions,classical
melody and bass,5,trainer: melody and bass,-,-,trainer,FALSE,piano-learn-missions,classical
melody and bass,5,frere jacques (in C),traditional,hands together,song,FALSE,piano-learn-missions,classical
melody and bass,5,mary had a little lamb,traditional,hands together,song,FALSE,piano-learn-missions,classical
melody and bass,5,trainer: bass F,-,-,trainer,FALSE,piano-learn-missions,classical
melody and bass,5,when the saints go marching in (slow),traditional,hands together,song,FALSE,piano-learn-missions,classical
melody and bass,5,flower duet,leo delibes,hands together,song,FALSE,piano-learn-missions,classical
level 5 skill test - knowledge,5,quiz: knowledge level 5,-,-,quiz,FALSE,piano-learn-missions,knowledge
key signatures,5,video: G major scale,-,-,video,FALSE,piano-learn-missions,knowledge
key signatures,5,scale: G major,-,-,trainer,FALSE,piano-learn-missions,knowledge
key signatures,5,video: song key,-,-,video,FALSE,piano-learn-missions,knowledge
key signatures,5,knowledge: key change,the yousicians,exercise,song,FALSE,piano-learn-missions,knowledge
key signatures,5,video: key signature,-,-,video,FALSE,piano-learn-missions,knowledge
key signatures,5,knowledge: G major song,the yousicians,exercise,song,FALSE,piano-learn-missions,knowledge
key signatures,5,video: minor key signatures,-,-,video,FALSE,piano-learn-missions,knowledge
key signatures,5,scale: E minor,-,-,trainer,FALSE,piano-learn-missions,knowledge
key signatures,5,house of the rising sun (short in Em),traditional,Em bass line,song,FALSE,piano-learn-missions,knowledge
ear training: major & minor,5,note-finder: major chord,-,-,finder,FALSE,piano-learn-missions,knowledge
ear training: major & minor,5,note-finder: minor chord,-,-,finder,FALSE,piano-learn-missions,knowledge
ear training: major & minor,5,ear puzzles: minor melody,-,-,puzzle,FALSE,piano-learn-missions,knowledge
level 5 skill test - pop,5,reggae party (short),?,-,song,FALSE,piano-learn-missions,pop
three-chord thrillers,5,"changing chords: C, F and G",-,-,video,FALSE,piano-learn-missions,pop
three-chord thrillers,5,"chord trainer: C, F, G",-,-,trainer,FALSE,piano-learn-missions,pop
three-chord thrillers,5,"root notes: C, F, G",-,-,trainer,FALSE,piano-learn-missions,pop
three-chord thrillers,5,so alive,the yousicians,exercise,song,FALSE,piano-learn-missions,pop
three-chord thrillers,5,jumpin' keys (in C),the yousicians,party jams,song,FALSE,piano-learn-missions,pop
master jammer,5,call for the spring,the yousicians,two hands,song,FALSE,piano-learn-missions,pop
master jammer,5,chord trainer: review - master jammer,-,-,trainer,FALSE,piano-learn-missions,pop
master jammer,5,waitin' for the train,the yousicians,chords,song,FALSE,piano-learn-missions,pop
master jammer,5,trainer: duck walk,-,-,trainer,FALSE,piano-learn-missions,pop
master jammer,5,do the duck walk,the yousicians,two hands,song,FALSE,piano-learn-missions,pop
level 6 skill test - knowledge,6,quiz: knowledge level 6,-,-,quiz,FALSE,piano-learn-missions,knowledge
level 6 skill test - classical,6,new world symphony (in C),?,-,song,FALSE,piano-learn-missions,classical
changing position,6,practice first!,-,-,video,FALSE,piano-learn-missions,classical
changing position,6,"twinkle, twinke, little star (ballad)",traditional,changing position,song,FALSE,piano-learn-missions,classical
changing position,6,trainer: thumb stretch,-,-,trainer,FALSE,piano-learn-missions,classical
changing position,6,frere jacques (in C),traditional,changing position,song,FALSE,piano-learn-missions,classical
changing position,6,trainer: reading B and C,-,-,trainer,FALSE,piano-learn-missions,classical
changing position,6,trainer: C major scale,-,-,trainer,FALSE,piano-learn-missions,classical
changing position,6,new world symphony (in C),antonin dvorak,changing position,song,FALSE,piano-learn-missions,classical
singalong tunes,6,trainer: C major arpeggio,-,-,trainer,FALSE,piano-learn-missions,classical
singalong tunes,6,camptown races (in C),traditional,changing position,song,FALSE,piano-learn-missions,classical
singalong tunes,6,trainer: G major bass,-,-,trainer,FALSE,piano-learn-missions,classical
singalong tunes,6,molly malone (instrumental in G),?,songs in G,song,FALSE,piano-learn-missions,classical
singalong tunes,6,trainer: reading ledger lines,-,-,trainer,FALSE,piano-learn-missions,classical
singalong tunes,6,trainer: ledger lines,-,-,trainer,FALSE,piano-learn-missions,classical
singalong tunes,6,take me out to the ball game,?,melody,song,FALSE,piano-learn-missions,classical
level 6 skill test - pop,6,la bamba,?,-,song,FALSE,piano-learn-missions,pop
rock riffs,6,learning riffs,-,-,video,FALSE,piano-learn-missions,pop
rock riffs,6,chord trainer: Dm,-,-,trainer,FALSE,piano-learn-missions,pop
rock riffs,6,trainer: a ladder to the sky,-,-,trainer,FALSE,piano-learn-missions,pop
rock riffs,6,a ladder to the sky,the yousicians,rock riffs,song,FALSE,piano-learn-missions,pop
rock riffs,6,trainer: dangerous game,-,-,trainer,FALSE,piano-learn-missions,pop
rock riffs,6,dangerous games,the yousicians,rock riffs,song,FALSE,piano-learn-missions,pop
rock riffs,6,trainer: one man band,-,-,trainer,FALSE,piano-learn-missions,pop
rock riffs,6,one man band (slow),the yousicians,riffs,song,FALSE,piano-learn-missions,pop
D-jamz,6,intro to sharps,-,-,video,FALSE,piano-learn-missions,pop
D-jamz,6,D chord trainer,-,-,trainer,FALSE,piano-learn-missions,pop
D-jamz,6,D position trainer,-,-,trainer,FALSE,piano-learn-missions,pop
D-jamz,6,voice from the inside,the yousicians,feeling sharp,song,FALSE,piano-learn-missions,pop
D-jamz,6,trainer: quantum science - djamz,-,-,trainer,FALSE,piano-learn-missions,pop
D-jamz,6,quantum science,the yousicians,djamz,song,FALSE,piano-learn-missions,pop
tutorial videos,3,video: beats per bar,-,-,video,FALSE,piano-learn-workouts,
rock on,4,sweet home alabama,lynyrd skynyrd,bass,song,TRUE,piano-songs-popular,
new wave of british heavy metal,2,heavy metal in my veins,the yousicians,two hands,song,FALSE,piano-challenges,
new wave of british heavy metal,4,the witch,the yousicians,two hands,song,FALSE,piano-challenges,
new wave of british heavy metal,6,heavy metal in my veins,the yousicians,riff and chords,song,FALSE,piano-challenges,
new wave of british heavy metal,8,the witch,the yousicians,advanced riff,song,FALSE,piano-challenges,
challenge with a capital C,1,have faith,the yousicians,left hand bass,song,FALSE,piano-challenges,
challenge with a capital C,4,challenge yourself,the yousicians,two hands riff,song,FALSE,piano-challenges,
challenge with a capital C,6,have faith,the yousicians,chords and bass,song,FALSE,piano-challenges,
challenge with a capital C,8,challenge yourself,the yousicians,advanced riff,song,FALSE,piano-challenges,
back to bach,3,"cello suite no. 1 part 1 (in C, full)",johann sebastian bach,bassline,song,FALSE,piano-challenges,
back to bach,4,violin partita no. 1: sarabande (in Am),johann sebastian bach,two hands,song,FALSE,piano-challenges,
back to bach,6,violin partita no. 1: sarabande (in Am),johann sebastian bach,changing hand position,song,FALSE,piano-challenges,
back to bach,9,"cello suite no. 1 part 1 (in C, full)",johann sebastian bach,advanced,song,FALSE,piano-challenges,
ruff rockin',2,party on the boulevard,the yousicians,two hands lite,song,FALSE,piano-challenges,
ruff rockin',4,back in the app,the yousicians,two hands,song,FALSE,piano-challenges,
ruff rockin',5,party on the boulevard,the yousicians,two hands,song,FALSE,piano-challenges,
ruff rockin',7,back in the app,the yousicians,advanced,song,FALSE,piano-challenges,
classical piano favorites,4,fur elise (challenge),ludwig van beethoven,two hands,song,FALSE,piano-challenges,
classical piano favorites,4,gymnopedie no.1,erik satie,two hands,song,FALSE,piano-challenges,
classical piano favorites,8,fur elise (challenge),ludwig van beethoven,full piano,song,FALSE,piano-challenges,
classical piano favorites,9,gymnopedie no.1,erik satie,full piano,song,FALSE,piano-challenges,
at the gym,1,the gentle art of pumping,the yousicians,riff left hand,song,FALSE,piano-challenges,
at the gym,4,person of the hour,the yousicians,two hands,song,FALSE,piano-challenges,
at the gym,5,the gentle art of pumping,the yousicians,riff two hands,song,FALSE,piano-challenges,
at the gym,7,person of the hour,the yousicians,bass and chords,song,FALSE,piano-challenges,
carols through the ages,2,god rest ye merry gentleman (in Am),traditional,two hands,song,FALSE,piano-challenges,
carols through the ages,4,carol of the bells,mykola leontovych,two hands,song,FALSE,piano-challenges,
carols through the ages,6,god rest ye merry gentleman,traditional,melody,song,FALSE,piano-challenges,
carols through the ages,9,carol of the bells,mykola leontovych,advanced,song,FALSE,piano-challenges,
swing with santa,2,away in a manger,traditional,bassline,song,FALSE,piano-challenges,
swing with santa,4,o little town of betlehem,lewis redner,two hands melody,song,FALSE,piano-challenges,
swing with santa,6,away in a manger,traditional,chords and bass,song,FALSE,piano-challenges,
swing with santa,8,o little town of betlehem,lewis redner,melody and chords,song,FALSE,piano-challenges,
life on horseback,2,life on horseback,the yousicians,two hands,song,FALSE,piano-challenges,
life on horseback,3,bring me the sheriff,the yousicians,right hand,song,FALSE,piano-challenges,
life on horseback,5,bring me the sheriff,the yousicians,chords and bass,song,FALSE,piano-challenges,
life on horseback,7,life on horseback,the yousicians,advanced,song,FALSE,piano-challenges,
fire & ice - iceland 100 years,2,ladimagia,the yousicians,two hands,song,FALSE,piano-challenges,
fire & ice - iceland 100 years,4,vulkanik,the yousicians,two hands,song,FALSE,piano-challenges,
fire & ice - iceland 100 years,5,ladimagia,the yousicians,arpeggio and bass notes,song,FALSE,piano-challenges,
fire & ice - iceland 100 years,7,vulkanik,the yousicians,advanced,song,FALSE,piano-challenges,
strum with the machines,2,worry free,the yousicians,two hands,song,FALSE,piano-challenges,
strum with the machines,3,light the spark,the yousicians,two hands,song,FALSE,piano-challenges,
strum with the machines,5,worry free,the yousicians,two hands melody,song,FALSE,piano-challenges,
strum with the machines,7,light the spark,the yousicians,"chords, bass and melody",song,FALSE,piano-challenges,
three minute love story,2,anhelo,the yousicians,two hands,song,FALSE,piano-challenges,
three minute love story,4,buenos aires,the yousicians,chords,song,FALSE,piano-challenges,
three minute love story,6,anhelo,the yousicians,accompaniment,song,FALSE,piano-challenges,
three minute love story,8,buenos aires,the yousicians,advanced,song,FALSE,piano-challenges,
the challenge must go on,2,waltz into the night,the yousicians,two hands,song,FALSE,piano-challenges,
the challenge must go on,4,the excalibur,the yousicians,two hands,song,FALSE,piano-challenges,
the challenge must go on,5,waltz into the night,the yousicians,chords,song,FALSE,piano-challenges,
the challenge must go on,8,the excalibur,the yousicians,advanced,song,FALSE,piano-challenges,
new on yousician,8,song of the south,alabama,melody,song,TRUE,ukulele-home-new,
new on yousician,6,song of the south,alabama,chords,song,TRUE,ukulele-home-new,
new on yousician,3,song of the south,alabama,basic melody,song,TRUE,ukulele-home-new,
new on yousician,7,god only knows (in G),the beach boys,chords,song,TRUE,ukulele-home-new,
new on yousician,6,god only knows (in G),the beach boys,melody,song,TRUE,ukulele-home-new,
new on yousician,5,the one i love,r.e.m.,melody,song,TRUE,ukulele-home-new,
new on yousician,4,the one i love,r.e.m.,chords,song,TRUE,ukulele-home-new,
new on yousician,7,better together,jack johnson,full rhythm,song,TRUE,ukulele-home-new,
new on yousician,3,better together,jack johnson,melody,song,TRUE,ukulele-home-new,
new on yousician,1,better together,jack johnson,basic riff,song,TRUE,ukulele-home-new,
new on yousician,6,roots,imagine dragons,chords,song,TRUE,ukulele-home-new,
new on yousician,4,roots,imagine dragons,melody,song,TRUE,ukulele-home-new,
new on yousician,7,nothing like us,justin bieber,fingerpicking,song,TRUE,ukulele-home-new,
new on yousician,5,nothing like us,justin bieber,chords,song,TRUE,ukulele-home-new,
new on yousician,2,nothing like us,justin bieber,basic riff,song,TRUE,ukulele-home-new,
new on yousician,7,seasons of love,rent,chords,song,TRUE,ukulele-home-new,
new on yousician,6,seasons of love,rent,melody,song,TRUE,ukulele-home-new,
new on yousician,2,seasons of love,rent,basic melody,song,TRUE,ukulele-home-new,
new on yousician,8,more than this,one direction,fingerpicking,song,TRUE,ukulele-home-new,
new on yousician,6,more than this,one direction,chords,song,TRUE,ukulele-home-new,
new on yousician,4,more than this,one direction,chords,song,TRUE,ukulele-home-new,
new on yousician,8,i get around,the beach boys,rhythm & lead,song,TRUE,ukulele-home-new,
new on yousician,6,i get around,the beach boys,melody,song,TRUE,ukulele-home-new,
new on yousician,2,i get around,the beach boys,basic melody,song,TRUE,ukulele-home-new,
new on yousician,8,scar tissue,red hot chili peppers,full rhythm,song,TRUE,ukulele-home-new,
new on yousician,6,scar tissue,red hot chili peppers,chords,song,TRUE,ukulele-home-new,
new on yousician,3,scar tissue,red hot chili peppers,melody,song,TRUE,ukulele-home-new,
new on yousician,8,grandma's hands,bill withers,melody,song,TRUE,ukulele-home-new,
new on yousician,5,grandma's hands,bill withers,chords,song,TRUE,ukulele-home-new,
new on yousician,1,grandma's hands,bill withers,basic melody,song,TRUE,ukulele-home-new,
new on yousician,7,banana pancakes,jack johnson,fingerpicking,song,TRUE,ukulele-home-new,
new on yousician,4,banana pancakes,jack johnson,fingerpicking,song,TRUE,ukulele-home-new,
new on yousician,4,banana pancakes,jack johnson,melody,song,TRUE,ukulele-home-new,
new on yousician,8,should've been a cowboy,toby keith,chords,song,TRUE,ukulele-home-new,
new on yousician,4,should've been a cowboy,toby keith,melody,song,TRUE,ukulele-home-new,
new on yousician,0,thunder (tutorial),imagine dragons,chord practise,song,TRUE,ukulele-home-new,
new on yousician,0,humble and kind (tutorial),tim mcgraw,chord practise,song,TRUE,ukulele-home-new,
new on yousician,0,californication (short),red hot chili peppers,chord lesson,song,TRUE,ukulele-home-new,
new on yousician,7,don't cry for me argentina (in C),evita,full rhythm,song,TRUE,ukulele-home-new,
new on yousician,4,don't cry for me argentina (in C),evita,melody,song,TRUE,ukulele-home-new,
new on yousician,8,no more mr. nice guy,alice cooper,chords,song,TRUE,ukulele-home-new,
new on yousician,4,no more mr. nice guy,alice cooper,melody,song,TRUE,ukulele-home-new,
new on yousician,7,kickstarts,example,chords,song,TRUE,ukulele-home-new,
new on yousician,4,kickstarts,example,melody,song,TRUE,ukulele-home-new,
new on yousician,8,good vibrations (in Dm),the beach boys,melody,song,TRUE,ukulele-home-new,
new on yousician,7,good vibrations (in Dm),the beach boys,chords,song,TRUE,ukulele-home-new,
new on yousician,4,good vibrations (in Dm),the beach boys,basic melody,song,TRUE,ukulele-home-new,
new on yousician,8,tuesday's gone (in G),lynyrd skynyrd,rhythm & lead,song,TRUE,ukulele-home-new,
new on yousician,4,tuesday's gone (in G),lynyrd skynyrd,chords,song,TRUE,ukulele-home-new,
new on yousician,3,tuesday's gone (in G),lynyrd skynyrd,melody,song,TRUE,ukulele-home-new,
new on yousician,7,road trippin',red hot chili peppers,chords,song,TRUE,ukulele-home-new,
new on yousician,5,road trippin',red hot chili peppers,melody,song,TRUE,ukulele-home-new,
new on yousician,8,dani california,red hot chili peppers,melody & solo,song,TRUE,ukulele-home-new,
new on yousician,3,dani california,red hot chili peppers,chords,song,TRUE,ukulele-home-new,
new on yousician,4,sweet home alabama,lynyrd skynyrd,chords,song,TRUE,ukulele-home-new,
new on yousician,7,malibu (in G),miley cyrus,full rhythm,song,TRUE,ukulele-home-new,
new on yousician,6,malibu (in G),miley cyrus,melody,song,TRUE,ukulele-home-new,
new on yousician,4,malibu (in G),miley cyrus,chords,song,TRUE,ukulele-home-new,
new on yousician,3,humble and kind (in C),tim mcgraw,chords,song,TRUE,ukulele-home-new,
new on yousician,8,humble and kind,tim mcgraw,melody,song,TRUE,ukulele-home-new,
new on yousician,8,thunder,imagine dragons,melody,song,TRUE,ukulele-home-new,
new on yousician,6,thunder,imagine dragons,chords,song,TRUE,ukulele-home-new,
new on yousician,3,thunder,imagine dragons,chords,song,TRUE,ukulele-home-new,
new on yousician,7,free bird,lynyrd skynyrd,strumming & fingerpicking,song,TRUE,ukulele-home-new,
new on yousician,4,free bird,lynyrd skynyrd,chords,song,TRUE,ukulele-home-new,
new on yousician,6,sunday morning,maroon 5,fancy chords & lead,song,TRUE,ukulele-home-new,
new on yousician,4,sunday morning,maroon 5,chords,song,TRUE,ukulele-home-new,
new on yousician,7,i want to hold your hand,the beatles,chords,song,TRUE,ukulele-home-new,
new on yousician,6,i want to hold your hand,the beatles,melody,song,TRUE,ukulele-home-new,
new on yousician,5,all out of love,air supply,melody,song,TRUE,ukulele-home-new,
new on yousician,5,all out of love,air supply,chords,song,TRUE,ukulele-home-new,
new on yousician,6,here comes your man,pixies,melody,song,TRUE,ukulele-home-new,
new on yousician,5,here comes your man,pixies,chords,song,TRUE,ukulele-home-new,
new on yousician,8,dancing on my own,calum scott,fingerpicking,song,TRUE,ukulele-home-new,
new on yousician,5,dancing on my own (in C),calum scott,chords,song,TRUE,ukulele-home-new,
new on yousician,8,it's the end of the world as we know it (and i feel fine),r.e.m.,fingerpicking,song,TRUE,ukulele-home-new,
new on yousician,4,it's the end of the world as we know it (and i feel fine),r.e.m.,chords,song,TRUE,ukulele-home-new,
new on yousician,8,californication,red hot chili peppers,full rhythm,song,TRUE,ukulele-home-new,
new on yousician,4,californication,red hot chili peppers,melody,song,TRUE,ukulele-home-new,
new on yousician,8,don't worry be happy,bobby mcferrin,chords,song,TRUE,ukulele-home-new,
new on yousician,8,don't worry be happy (in C),bobby mcferrin,melody,song,TRUE,ukulele-home-new,
new on yousician,3,don't worry be happy (in C),bobby mcferrin,easy strumming,song,TRUE,ukulele-home-new,
new on yousician,8,clocks,coldplay,chords,song,TRUE,ukulele-home-new,
new on yousician,6,clocks,coldplay,double stops,song,TRUE,ukulele-home-new,
new on yousician,4,clocks (in G),coldplay,chords,song,TRUE,ukulele-home-new,
new on yousician,7,california dreamin' (in Dm),the mamas & the papas,fingerpicking,song,TRUE,ukulele-home-new,
new on yousician,7,california dreamin' (in Dm),the mamas & the papas,strumming,song,TRUE,ukulele-home-new,
new on yousician,4,sailing (in C),rod steward,chords,song,TRUE,ukulele-home-new,
new on yousician,3,sailing (in C),rod steward,basic melody,song,TRUE,ukulele-home-new,
new on yousician,5,you're so vain,carly simon,melody,song,TRUE,ukulele-home-new,
new on yousician,4,you're so vain,carly simon,chords,song,TRUE,ukulele-home-new,
new on yousician,8,respect,aretha franklin,advanced rhythm,song,TRUE,ukulele-home-new,
new on yousician,3,respect,aretha franklin,basic rhythm,song,TRUE,ukulele-home-new,
new on yousician,8,chan chan,buena vista social club,rhythm & lead,song,TRUE,ukulele-home-new,
new on yousician,7,(sittin' on) the dock of the bay,otis redding,chords,song,TRUE,ukulele-home-new,
new on yousician,2,(sittin' on) the dock of the bay,otis redding,melody,song,TRUE,ukulele-home-new,
new on yousician,8,dog days are over,florence + the machine,fingerpicking,song,TRUE,ukulele-home-new,
new on yousician,6,dog days are over,florence + the machine,strumming,song,TRUE,ukulele-home-new,
new on yousician,5,in case you didn't know,brett young,double stops,song,TRUE,ukulele-home-new,
new on yousician,6,summer of '69,bryan adams,melody,song,TRUE,ukulele-home-new,
new on yousician,4,summer of '69,bryan adams,chords,song,TRUE,ukulele-home-new,
new on yousician,3,summer of '69,bryan adams,basic melody,song,TRUE,ukulele-home-new,
new on yousician,7,wanted,hunter hayes,melody,song,TRUE,ukulele-home-new,
new on yousician,4,wanted,hunter hayes,chords,song,TRUE,ukulele-home-new,
new on yousician,2,wanted,hunter hayes,basic melody,song,TRUE,ukulele-home-new,
new on yousician,8,next to me,imagine dragons,fingerpicking,song,TRUE,ukulele-home-new,
new on yousician,4,next to me,imagine dragons,chords,song,TRUE,ukulele-home-new,
new on yousician,7,cosmic love,florence + the machine,fingerpicking,song,TRUE,ukulele-home-new,
new on yousician,3,cosmic love,florence + the machine,chords,song,TRUE,ukulele-home-new,
new on yousician,6,i will survive,gloria gaynor,chords,song,TRUE,ukulele-home-new,
new on yousician,3,i will survive,gloria gaynor,melody,song,TRUE,ukulele-home-new,
new on yousician,8,under the bridge,red hot chili peppers,full rhythm,song,TRUE,ukulele-home-new,
new on yousician,6,under the bridge,red hot chili peppers,melody,song,TRUE,ukulele-home-new,
new on yousician,7,mamma mia,abba,melody,song,TRUE,ukulele-home-new,
new on yousician,4,mamma mia,abba,chords,song,TRUE,ukulele-home-new,
new on yousician,3,mamma mia,abba,basic riff,song,TRUE,ukulele-home-new,
new on yousician,8,it must have been love,roxette,fingerpicking,song,TRUE,ukulele-home-new,
new on yousician,6,it must have been love,roxette,melody,song,TRUE,ukulele-home-new,
new on yousician,2,it must have been love,roxette,basic melody,song,TRUE,ukulele-home-new,
new on yousician,6,yellow,coldplay,full melody (orig. key),song,TRUE,ukulele-home-new,
new on yousician,4,yellow (in C),coldplay,melody,song,TRUE,ukulele-home-new,
new on yousician,1,yellow (in C),coldplay,basic melody,song,TRUE,ukulele-home-new,
new on yousician,6,ship to wreck,florence + the machine,chords,song,TRUE,ukulele-home-new,
new on yousician,1,ship to wreck,florence + the machine,basic chords,song,TRUE,ukulele-home-new,
new on yousician,3,corazon partio,alejandro sanz,basic riff,song,TRUE,ukulele-home-new,
new on yousician,6,adore you,miley cyrus,fingerpicking,song,TRUE,ukulele-home-new,
new on yousician,7,millionare,chris stapleton,chords,song,TRUE,ukulele-home-new,
new on yousician,5,millionare,chris stapleton,double stops,song,TRUE,ukulele-home-new,
new on yousician,3,millionare,chris stapleton,basic melody,song,TRUE,ukulele-home-new,
new on yousician,4,brown eyed girl,van morrison,chords,song,TRUE,ukulele-home-new,
new on yousician,2,brown eyed girl,van morrison,basic melody,song,TRUE,ukulele-home-new,
new on yousician,4,it's time,imagine dragons,chords,song,TRUE,ukulele-home-new,
new on yousician,3,it's time,imagine dragons,basic melody,song,TRUE,ukulele-home-new,
new on yousician,3,youth,daughter,chords,song,TRUE,ukulele-home-new,
new on yousician,6,lean on me,bill withers,chords & riffs,song,TRUE,ukulele-home-new,
new on yousician,3,lean on me,bill withers,chords,song,TRUE,ukulele-home-new,
new on yousician,1,lean on me,bill withers,melody,song,TRUE,ukulele-home-new,
new on yousician,6,ain't no sunshine,bill withers,fingerpicking,song,TRUE,ukulele-home-new,
new on yousician,4,ain't no sunshine,bill withers,melody,song,TRUE,ukulele-home-new,
new on yousician,3,ain't no sunshine,bill withers,chords,song,TRUE,ukulele-home-new,
new on yousician,1,ain't no sunshine,bill withers,basic riff,song,TRUE,ukulele-home-new,
new on yousician,7,losing my religion,r.e.m.,rhythm & lead,song,TRUE,ukulele-home-new,
new on yousician,6,losing my religion,r.e.m.,chords,song,TRUE,ukulele-home-new,
new on yousician,3,losing my religion,r.e.m.,chords,song,TRUE,ukulele-home-new,
new on yousician,6,on the top of the world,imagine dragons,chords,song,TRUE,ukulele-home-new,
new on yousician,3,on the top of the world,imagine dragons,basic riff,song,TRUE,ukulele-home-new,
new on yousician,8,everybody hurts,r.e.m.,full rhythm,song,TRUE,ukulele-home-new,
new on yousician,4,everybody hurts,r.e.m.,chords,song,TRUE,ukulele-home-new,
new on yousician,8,let's stay together,al green,movable chords,song,TRUE,ukulele-home-new,
new on yousician,5,let's stay together,al green,melody,song,TRUE,ukulele-home-new,
new on yousician,2,let's stay together,al green,basic melody,song,TRUE,ukulele-home-new,
new on yousician,8,the scientist,coldplay,full rhythm,song,TRUE,ukulele-home-new,
new on yousician,4,the scientist,coldplay,melody,song,TRUE,ukulele-home-new,
new on yousician,8,mississippi queen,mountain,chords & riffs,song,TRUE,ukulele-home-new,
new on yousician,8,american pie,don mclean,melody,song,TRUE,ukulele-home-new,
new on yousician,6,american pie,don mclean,chords,song,TRUE,ukulele-home-new,
new on yousician,6,corazon partio,alejandro sanz,fancy chords,song,TRUE,ukulele-home-new,
new on yousician,4,yellow (in C),coldplay,chords,song,TRUE,ukulele-home-new,
new on yousician,8,it must have been love,roxette,lead,song,TRUE,ukulele-home-new,
new on yousician,7,in case you didn't know,brett young,movable chords,song,TRUE,ukulele-home-new,
new on yousician,7,brown eyed girl,van morrison,melody and chords,song,TRUE,ukulele-home-new,
new on yousician,6,on the top of the world,imagine dragons,slides,song,TRUE,ukulele-home-new,
new on yousician,6,losing my religion (in Gm),r.e.m.,open chords,song,TRUE,ukulele-home-new,
new on yousician,6,the scientist,coldplay,slides,song,TRUE,ukulele-home-new,
new on yousician,7,brown eyed girl,van morrison,melody and chords,song,TRUE,ukulele-home-new,
new on yousician,6,on the top of the world,imagine dragons,slides,song,TRUE,ukulele-home-new,
new on yousician,6,losing my religion (in Gm),r.e.m.,open chords,song,TRUE,ukulele-home-new,
new on yousician,6,the scientist,coldplay,slides,song,TRUE,ukulele-home-new,
new on yousician,5,losing my religion,r.e.m.,alternate plucking,song,TRUE,ukulele-home-new,
new on yousician,4,ain't no sunshine,bill withers,fingerpicking,song,TRUE,ukulele-home-new,
new on yousician,5,brown eyed girl,van morrison,syncopated strums,song,TRUE,ukulele-home-new,
new on yousician,5,lean on me,bill withers,double stops,song,TRUE,ukulele-home-new,
new on yousician,4,american pie,don mclean,chords,song,TRUE,ukulele-home-new,
new on yousician,4,youth,daughter,skipping,song,TRUE,ukulele-home-new,
new on yousician,3,on the top of the world,imagine dragons,strums,song,TRUE,ukulele-home-new,
new on yousician,3,under the bridge,red hot chili peppers,four fingers,song,TRUE,ukulele-home-new,
new on yousician,2,adore you,miley cyrus,down and up,song,TRUE,ukulele-home-new,
new on yousician,2,mississippi queen,mountain,melody,song,TRUE,ukulele-home-new,
new on yousician,1,californication,red hot chili peppers,easy chords,song,TRUE,ukulele-home-new,
new on yousician,1,in case you didn't know,brett young,playing melodies,song,TRUE,ukulele-home-new,
new on yousician,0,youth,daughter,changing chords,song,TRUE,ukulele-home-new,
play your first songs,0,intro & tuning,-,-,video,FALSE,ukulele-learn-missions,-
play your first songs,0,video: learn to strum,-,-,video,FALSE,ukulele-learn-missions,-
play your first songs,0,banana boats (chords lesson),the yousicians,exercise,song,FALSE,ukulele-learn-missions,-
play your first songs,0,video: learn C,-,-,video,FALSE,ukulele-learn-missions,-
play your first songs,0,trainer: 2 chords,-,-,trainer,FALSE,ukulele-learn-missions,-
play your first songs,0,"row, row, row your boat",traditional,practice C,song,FALSE,ukulele-learn-missions,-
play your first songs,0,cowboy exit music (short),the yousicians,practice,song,FALSE,ukulele-learn-missions,-
level 1 skill test,0,chord review,-,-,trainer,FALSE,ukulele-learn-missions,-
level 1 skill test,0,quiz: essential terms,-,-,trainer,FALSE,ukulele-learn-missions,-
level 1 skill test,0,video: choose your path,-,-,video,FALSE,ukulele-learn-missions,-
playing melodies,1,video: plucking strings,-,-,video,FALSE,ukulele-learn-missions,lead
playing melodies,1,banana boats (melody lesson),the yousicians,exercise,song,FALSE,ukulele-learn-missions,lead
playing melodies,1,skipping stone,the yousicians,fretting,song,FALSE,ukulele-learn-missions,lead
playing melodies,1,memories of you,the yousicians,fretting,song,FALSE,ukulele-learn-missions,lead
playing melodies,1,my dog has fleas,the yousicians,playing melodies,song,FALSE,ukulele-learn-missions,lead
playing melodies,1,playing in the park (uke mix),the yousicians,playing melodies,song,FALSE,ukulele-learn-missions,lead
strumming chords,1,video: learn F,-,-,video,FALSE,ukulele-learn-missions,rhythm
strumming chords,1,trainer: F chord,-,-,trainer,FALSE,ukulele-learn-missions,rhythm
strumming chords,1,frere jacques (uke mix),traditional,chords,song,FALSE,ukulele-learn-missions,rhythm
strumming chords,1,cotton-eye joe,traditional,easy strumming,song,FALSE,ukulele-learn-missions,rhythm
strumming chords,1,ain't noting like playing the uke,the yousicians,easy strumming,song,FALSE,ukulele-learn-missions,rhythm
strumming chords,1,video: changing chords,-,-,video,FALSE,ukulele-learn-missions,rhythm
strumming chords,1,sail away,the yousicians,chords,song,FALSE,ukulele-learn-missions,rhythm
strumming chords,1,island song,the yousicians,easy chords,song,FALSE,ukulele-learn-missions,rhythm
level 2 skill test - lead,2,midsummer memories,the yousicians,basic melody,song,FALSE,ukulele-learn-missions,lead
one finger per fret,2,video: one finger per fret,-,-,song,FALSE,ukulele-learn-missions,lead
one finger per fret,2,lick trainer - one finger per fret 0123,-,-,song,FALSE,ukulele-learn-missions,lead
one finger per fret,2,artist love,the yousicians,1fpf,song,FALSE,ukulele-learn-missions,lead
one finger per fret,2,lick trainer - one finger per fret 3210,-,-,song,FALSE,ukulele-learn-missions,lead
one finger per fret,2,windy shores,the yousicians,1fpf,song,FALSE,ukulele-learn-missions,lead
one finger per fret,2,when the saints go marching in,traditional,melody,song,FALSE,ukulele-learn-missions,lead
one finger per fret,2,two ravens,the yousicians,melody,song,FALSE,ukulele-learn-missions,lead
one finger per fret,2,drink to me only with thine eyes,traditional,melody,song,FALSE,ukulele-learn-missions,lead
level 2 skill test - rhythm,2,chord review,-,-,trainer,FALSE,ukulele-learn-missions,rhythm
ups & downs,2,video: learn Am,-,-,video,FALSE,ukulele-learn-missions,rhythm
ups & downs,2,"trainer: Am, C and F",-,-,trainer,FALSE,ukulele-learn-missions,rhythm
ups & downs,2,"row, row, row your boat",traditional,strums,song,FALSE,ukulele-learn-missions,rhythm
ups & downs,2,video: strumming down and up,-,-,video,FALSE,ukulele-learn-missions,rhythm
ups & downs,2,strumming up & down,-,-,trainer,FALSE,ukulele-learn-missions,rhythm
ups & downs,2,am i rootsy,the yousicians,exercise,song,FALSE,ukulele-learn-missions,rhythm
ups & downs,2,lazy sunday,the yousicians,strums,song,FALSE,ukulele-learn-missions,rhythm
ups & downs,2,cordelia,the yousicians,down and up,song,FALSE,ukulele-learn-missions,rhythm
level 3 skill test - lead,3,guantanamera,traditional,bass line,song,FALSE,ukulele-learn-missions,lead
four fingers,3,lick trainer - playing with the pinky,-,-,trainer,FALSE,ukulele-learn-missions,lead
four fingers,3,four blocks from here,the yousicians,melody,song,FALSE,ukulele-learn-missions,lead
four fingers,3,first light,the yousicians,4 fingers,song,FALSE,ukulele-learn-missions,lead
four fingers,3,red river valley (short),traditional,4 fingers,song,FALSE,ukulele-learn-missions,lead
four fingers,3,lil' liza jane,traditional,4 fingers,song,FALSE,ukulele-learn-missions,lead
four fingers,3,malaguena (surf),traditional,4 fingers,song,FALSE,ukulele-learn-missions,lead
level 3 skill test - rhythm,3,chord review,-,-,trainer,FALSE,ukulele-learn-missions,rhythm
chord workshop 1,3,trainer: 3 new chords,-,-,trainer,FALSE,ukulele-learn-missions,rhythm
chord workshop 1,3,up,the yousicians,one chord,song,FALSE,ukulele-learn-missions,rhythm
chord workshop 1,3,soul uke,the yousicians,strumming,song,FALSE,ukulele-learn-missions,rhythm
chord workshop 1,3,uke on the porch,the yousicians,strums,song,FALSE,ukulele-learn-missions,rhythm
chord workshop 1,3,my dog has fleas,the yousicians,strumming,song,FALSE,ukulele-learn-missions,rhythm
chord workshop 1,3,billy boy,traditional,strums,song,FALSE,ukulele-learn-missions,rhythm
chord workshop 1,3,combo game: 6 chords,-,-,song,FALSE,ukulele-learn-missions,rhythm
level 4 skill test - lead,4,wizard's walz,the yousicians,basic melody,song,FALSE,ukulele-learn-missions,lead
reaching higher,4,my loving brother,traditional,reaching,song,FALSE,ukulele-learn-missions,lead
reaching higher,4,aura lea (short),traditional,reaching,song,FALSE,ukulele-learn-missions,lead
reaching higher,4,tear hunter,traditional,uke melody,song,FALSE,ukulele-learn-missions,lead
reaching higher,4,romanza,traditional,melody,song,FALSE,ukulele-learn-missions,lead
reaching higher,4,my bonnie lies over the ocean,traditional,reaching,song,FALSE,ukulele-learn-missions,lead
skipping strings,4,black velvet band (short),traditional,full melody,song,FALSE,ukulele-learn-missions,lead
skipping strings,4,uke on the porch,the yousicians,skipping,song,FALSE,ukulele-learn-missions,lead
skipping strings,4,la bamba (folk),traditional,skipping,song,FALSE,ukulele-learn-missions,lead
skipping strings,4,take me out to the ball game,traditional,skipping,song,FALSE,ukulele-learn-missions,lead
level 5 skill test - lead,5,john barleycorn,traditional,melody,song,FALSE,ukulele-learn-missions,lead
plucking faster,5,trainer: alternate plucking,-,-,trainer,FALSE,ukulele-learn-missions,lead
plucking faster,5,"row, row, row your boat",traditional,melody,song,FALSE,ukulele-learn-missions,lead
plucking faster,5,frere jacques (uke mix),traditional,melody,song,FALSE,ukulele-learn-missions,lead
plucking faster,5,playing for change,the yousicians,alternate plucking,song,FALSE,ukulele-learn-missions,lead
plucking faster,5,billy boy,traditional,alternate plucking,song,FALSE,ukulele-learn-missions,lead
plucking faster,5,summer nights,the yousicians,alternate plucking,song,FALSE,ukulele-learn-missions,lead
double stops,5,video: double stops,-,-,video,FALSE,ukulele-learn-missions,lead
double stops,5,trainer: double stops,-,-,trainer,FALSE,ukulele-learn-missions,lead
double stops,5,barre your soul,,double stops,song,FALSE,ukulele-learn-missions,lead
double stops,5,south carolina rag (uke mix),,double stops,song,FALSE,ukulele-learn-missions,lead
double stops,5,sloop john b,,double stops,song,FALSE,ukulele-learn-missions,lead
double stops,5,kaulana na pua,,fingerpicking,song,FALSE,ukulele-learn-missions,lead
double stops,5,crowded space,,double stops,song,FALSE,ukulele-learn-missions,lead
level 6 skill test - lead,6,danza macumba,,double stops,song,FALSE,ukulele-learn-missions,lead
slides,6,video: slides,,-,video,FALSE,ukulele-learn-missions,lead
slides,6,barre your soul 2,,slides v2,song,FALSE,ukulele-learn-missions,lead
slides,6,danny boy,,slides,song,FALSE,ukulele-learn-missions,lead
slides,6,rumelaj,,slides,song,FALSE,ukulele-learn-missions,lead
slides,6,st louis blues,,slides,song,FALSE,ukulele-learn-missions,lead
slides,6,blues in A,,slides,song,FALSE,ukulele-learn-missions,lead
building speed,6,samba ukulele,,full melody,song,FALSE,ukulele-learn-missions,lead
building speed,6,eu nao falo ingles,,full lead,song,FALSE,ukulele-learn-missions,lead
building speed,6,life is a poem,,full lead,song,FALSE,ukulele-learn-missions,lead
building speed,6,por una cabeza,,full lead,song,FALSE,ukulele-learn-missions,lead
building speed,6,rocky road to dublin,,lead,song,FALSE,ukulele-learn-missions,lead
building speed,6,le hot club,,full lead,song,FALSE,ukulele-learn-missions,lead
level 7 skill test - lead,7,still me,,melody,song,FALSE,ukulele-learn-missions,lead
agility 1,7,lazy john (uke mix),,melody 2,song,FALSE,ukulele-learn-missions,lead
agility 1,7,adir hu,,melody,song,FALSE,ukulele-learn-missions,lead
agility 1,7,bolero,,advanced melody,song,FALSE,ukulele-learn-missions,lead
agility 1,7,danza macumba,,melody,song,FALSE,ukulele-learn-missions,lead
agility 1,7,cumbia de ukulele,,melodies,song,FALSE,ukulele-learn-missions,lead
mixing melody and chords,7,hawaii aloha,,solo arrangement,song,FALSE,ukulele-learn-missions,lead
mixing melody and chords,7,pavilion farewell,,solo arrangement,song,FALSE,ukulele-learn-missions,lead
mixing melody and chords,7,song for tiina,,solo arrangement,song,FALSE,ukulele-learn-missions,lead
mixing melody and chords,7,walzing matilda (in G),,solo arrangement,song,FALSE,ukulele-learn-missions,lead
mixing melody and chords,7,tear hunter,,solo arrangement,song,FALSE,ukulele-learn-missions,lead
level 8 skill test - lead,8,aloha oe (surf),,solo uke,song,FALSE,ukulele-learn-missions,lead
agility 2,8,boolo,,lead,song,FALSE,ukulele-learn-missions,lead
agility 2,8,arkansas traveler,,melody,song,FALSE,ukulele-learn-missions,lead
agility 2,8,bhangralicious,,melody,song,FALSE,ukulele-learn-missions,lead
agility 2,8,duj sandale,,lead,song,FALSE,ukulele-learn-missions,lead
agility 2,8,jarabe tapatio,,advanced melody,song,FALSE,ukulele-learn-missions,lead
hammer on and pull off,8,video: hammer on,,-,video,FALSE,ukulele-learn-missions,lead
hammer on and pull off,8,trainer: hammer on,,-,trainer,FALSE,ukulele-learn-missions,lead
hammer on and pull off,8,30 years later,,lead,song,FALSE,ukulele-learn-missions,lead
hammer on and pull off,8,video: pull off,,-,video,FALSE,ukulele-learn-missions,lead
hammer on and pull off,8,trainer: pull off,,-,trainer,FALSE,ukulele-learn-missions,lead
hammer on and pull off,8,hammer song (uke mix),,lead,song,FALSE,ukulele-learn-missions,lead
hammer on and pull off,8,barre your soul 3,,hammer on pull off,song,FALSE,ukulele-learn-missions,lead
hammer on and pull off,8,harjedals schottis,,lead,song,FALSE,ukulele-learn-missions,lead
hammer on and pull off,8,how will it be?,,full lead,song,FALSE,ukulele-learn-missions,lead
level 4 skill test - rhythm,4,chord review,-,-,trainer,FALSE,ukulele-learn-missions,rhythm
strumming workshop 1,4,video: strumming patterns,,-,video,FALSE,ukulele-learn-missions,rhythm
strumming workshop 1,4,trainer - strumming patterns,,-,trainer,FALSE,ukulele-learn-missions,rhythm
strumming workshop 1,4,sloop john b,,strumming,song,FALSE,ukulele-learn-missions,rhythm
strumming workshop 1,4,drink to me only with thine eyes,,strumming,song,FALSE,ukulele-learn-missions,rhythm
strumming workshop 1,4,video: open strums,,-,video,FALSE,ukulele-learn-missions,rhythm
strumming workshop 1,4,cowboy exit music (short),,open strings,song,FALSE,ukulele-learn-missions,rhythm
strumming workshop 1,4,how will it be?,,strumming,song,FALSE,ukulele-learn-missions,rhythm
strumming workshop 1,4,whiskey in the jar (uke mix),,strumming,song,FALSE,ukulele-learn-missions,rhythm
chord workshop 2,4,trainer: 3 new chords,,-,song,FALSE,ukulele-learn-missions,rhythm
chord workshop 2,4,el condor pasa (uke mix),,strumming,song,FALSE,ukulele-learn-missions,rhythm
chord workshop 2,4,lazy john (uke mix),,chords,song,FALSE,ukulele-learn-missions,rhythm
chord workshop 2,4,a night to rewind (short),,radio edit,song,FALSE,ukulele-learn-missions,rhythm
chord workshop 2,4,arkansas traveler,,chords,song,FALSE,ukulele-learn-missions,rhythm
chord workshop 2,4,set me free,,chords,song,FALSE,ukulele-learn-missions,rhythm
level 5 skill test - rhythm,5,chord review,-,-,trainer,FALSE,ukulele-learn-missions,rhythm
strumming workshop 2,5,video: syncopated strumming,,-,video,FALSE,ukulele-learn-missions,rhythm
strumming workshop 2,5,trainer: syncopated strumming,,-,trainer,FALSE,ukulele-learn-missions,rhythm
strumming workshop 2,5,playing in the park (uke mix),,strumming,song,FALSE,ukulele-learn-missions,rhythm
strumming workshop 2,5,summer nights,,syncopated strums,song,FALSE,ukulele-learn-missions,rhythm
strumming workshop 2,5,video: the #1 strumming pattern,,-,video,FALSE,ukulele-learn-missions,rhythm
strumming workshop 2,5,trainer - # strumming pattern,,-,trainer,FALSE,ukulele-learn-missions,rhythm
strumming workshop 2,5,playing for change,,strumming,song,FALSE,ukulele-learn-missions,rhythm
strumming workshop 2,5,my loving brother,,strumming,song,FALSE,ukulele-learn-missions,rhythm
strumming workshop 2,5,crowded space,,syncopated strums,song,FALSE,ukulele-learn-missions,rhythm
strumming workshop 2,5,video: strumming by ear,,-,video,FALSE,ukulele-learn-missions,rhythm
fingerpicking 1,5,video: fingerpicking,,-,video,FALSE,ukulele-learn-missions,rhythm
fingerpicking 1,5,trainer: straight pattern,,-,trainer,FALSE,ukulele-learn-missions,rhythm
fingerpicking 1,5,"rest now, human",,fingerpicking,song,FALSE,ukulele-learn-missions,rhythm
fingerpicking 1,5,cowboy exit music (short),,fingerpicking,song,FALSE,ukulele-learn-missions,rhythm
fingerpicking 1,5,hammer song,,basic fingerpicking,song,FALSE,ukulele-learn-missions,rhythm
fingerpicking 1,5,trainer: skipping pattern,,-,trainer,FALSE,ukulele-learn-missions,rhythm
fingerpicking 1,5,cordelia,,fingerpicking,song,FALSE,ukulele-learn-missions,rhythm
fingerpicking 1,5,danny boy,,fingerpicking,song,FALSE,ukulele-learn-missions,rhythm
level 6 skill test - rhythm,6,chord review,-,-,trainer,FALSE,ukulele-learn-missions,rhythm
chord workshop 3,6,chord game: four chords in flat keys,,-,trainer,FALSE,ukulele-learn-missions,rhythm
chord workshop 3,6,don't rust alone (reprise),,chords,song,FALSE,ukulele-learn-missions,rhythm
chord workshop 3,6,fireflies,,chords,song,FALSE,ukulele-learn-missions,rhythm
chord workshop 3,6,midsummer memories,,chords,song,FALSE,ukulele-learn-missions,rhythm
chord workshop 3,6,cumbia de ukulele,,chords,song,FALSE,ukulele-learn-missions,rhythm
chord workshop 3,6,wish it was '91 (short),,chords,song,FALSE,ukulele-learn-missions,rhythm
chord workshop 3,6,barre your soul,,open chords,song,FALSE,ukulele-learn-missions,rhythm
fancy chords 1,6,chord game: 7 and m7,,-,song,FALSE,ukulele-learn-missions,rhythm
fancy chords 1,6,cafe olvido,,fancy chords,song,FALSE,ukulele-learn-missions,rhythm
fancy chords 1,6,the day before today,,fancy chords,song,FALSE,ukulele-learn-missions,rhythm
fancy chords 1,6,chord game: maj7 and dim,,-,song,FALSE,ukulele-learn-missions,rhythm
fancy chords 1,6,memories of you,,uke chords,song,FALSE,ukulele-learn-missions,rhythm
fancy chords 1,6,earth hour (short),,fancy chords,song,FALSE,ukulele-learn-missions,rhythm
fancy chords 1,6,life is a poem,,fancy chords,song,FALSE,ukulele-learn-missions,rhythm
level 7 skill test - rhythm,7,je te veux,,fancy chords,song,FALSE,ukulele-learn-missions,rhythm
moveable chord shapes 1,7,video: barre technique,,-,video,FALSE,ukulele-learn-missions,rhythm
moveable chord shapes 1,7,chord game: the A shape,,-,trainer,FALSE,ukulele-learn-missions,rhythm
moveable chord shapes 1,7,alabama sunrise,,fingerpicking 2,song,FALSE,ukulele-learn-missions,rhythm
moveable chord shapes 1,7,artist love,,ukulele chords,song,FALSE,ukulele-learn-missions,rhythm
moveable chord shapes 1,7,chord game: the Am and C shapes,,-,trainer,FALSE,ukulele-learn-missions,rhythm
moveable chord shapes 1,7,kung fu hero,,movable chords,song,FALSE,ukulele-learn-missions,rhythm
moveable chord shapes 1,7,don't hurry,,movable chords,song,FALSE,ukulele-learn-missions,rhythm
moveable chord shapes 1,7,stronger than life,,movable chords,song,FALSE,ukulele-learn-missions,rhythm
fingerpicking 2,7,trainer: syncopated fingerpicking,,-,trainer,FALSE,ukulele-learn-missions,rhythm
fingerpicking 2,7,my loving brother,,fingerpicking,song,FALSE,ukulele-learn-missions,rhythm
fingerpicking 2,7,hammer song,,fingerpicking 2,song,FALSE,ukulele-learn-missions,rhythm
fingerpicking 2,7,playing for change,,fingerpicking 2,song,FALSE,ukulele-learn-missions,rhythm
fingerpicking 2,7,compromises (uke mix),,fingerpicking 2,song,FALSE,ukulele-learn-missions,rhythm
fingerpicking 2,7,south carolina rag (uke mix),,fingerpicking 2,song,FALSE,ukulele-learn-missions,rhythm
level 8 skill test,8,testarossa,,chords,song,FALSE,ukulele-learn-missions,rhythm
moveable chord shapes 2,8,chord game: the F shape,,-,trainer,FALSE,ukulele-learn-missions,rhythm
moveable chord shapes 2,8,anarchy in the ai (in C#),,movable chords,song,FALSE,ukulele-learn-missions,rhythm
moveable chord shapes 2,8,over the rooftops,,movable chords,song,FALSE,ukulele-learn-missions,rhythm
moveable chord shapes 2,8,chord game: the F# and C7 shape,,-,-,FALSE,ukulele-learn-missions,rhythm
moveable chord shapes 2,8,flat out,,movable chords,song,FALSE,ukulele-learn-missions,rhythm
moveable chord shapes 2,8,danza macumba,,movable chords,song,FALSE,ukulele-learn-missions,rhythm
strumming workshop 3,8,video: shuffle vs. straight rhythms,,-,video,FALSE,ukulele-learn-missions,rhythm
strumming workshop 3,8,trainer: shuffle strumming,,-,trainer,FALSE,ukulele-learn-missions,rhythm
strumming workshop 3,8,banana boats,,advanced strumming,song,FALSE,ukulele-learn-missions,rhythm
strumming workshop 3,8,hillbilly willie,,advanced strumming,song,FALSE,ukulele-learn-missions,rhythm
strumming workshop 3,8,my kinda party,,advanced strumming,song,FALSE,ukulele-learn-missions,rhythm
strumming workshop 3,8,solely you,,triplets,song,FALSE,ukulele-learn-missions,rhythm
strumming workshop 3,8,la folia (metal),,strumming,song,FALSE,ukulele-learn-missions,rhythm
chords,0,"row, row, row your boat",traditional,chords,song,FALSE,ukulele-learn-workouts,
chords,0,cowboy exit music (short),the yousicians,two chords,song,FALSE,ukulele-learn-workouts,
chords,1,frere jacques (uke mix),traditional,chords,song,FALSE,ukulele-learn-workouts,
chords,1,sail avay,the yousicians,chords,song,FALSE,ukulele-learn-workouts,
chords,1,island song,the yousicians,easy chords,song,FALSE,ukulele-learn-workouts,
chords,2,got the moves,the yousicians,uke chords,song,FALSE,ukulele-learn-workouts,
chords,3,city life,the yousicians,ukulele chords,song,FALSE,ukulele-learn-workouts,
chords,3,the storm inside me,the yousicians,chords,song,FALSE,ukulele-learn-workouts,
chords,3,up,the yousicians,one chord,song,FALSE,ukulele-learn-workouts,
chords,3,danny boy,traditional,chords,song,FALSE,ukulele-learn-workouts,
chords,3,auld lang syne (short),traditional,chords,song,FALSE,ukulele-learn-workouts,
chords,3,"rest now, human",the yousicians,uke chords,song,FALSE,ukulele-learn-workouts,
chords,3,how will it be?,the yousicians,chords,song,FALSE,ukulele-learn-workouts,
chords,3,apple tree,the yousicians,chords,song,FALSE,ukulele-learn-workouts,
chords,3,black velvet band (short),traditional,all chords,song,FALSE,ukulele-learn-workouts,
chords,4,arkansas traveler,traditional,chords,song,FALSE,ukulele-learn-workouts,
chords,4,compromises (uke mix),the yousicians,ukulele chords,song,FALSE,ukulele-learn-workouts,
chords,4,concerto de joaquin,the yousicians,uke chords,song,FALSE,ukulele-learn-workouts,
chords,4,cordelia,the yousicians,ukulele chords,song,FALSE,ukulele-learn-workouts,
chords,4,supermoon,the yousicians,chords,song,FALSE,ukulele-learn-workouts,
chords,4,summer nights,the yousicians,uke chords,song,FALSE,ukulele-learn-workouts,
chords,4,12 bar blues,the yousicians,uke chords,song,FALSE,ukulele-learn-workouts,
chords,4,silent night (in A),traditional,chords,song,FALSE,ukulele-learn-workouts,
chords,4,aura lea (short),traditional,chords,song,FALSE,ukulele-learn-workouts,
chords,4,my bonnie lies over the ocean,traditional,chords,song,FALSE,ukulele-learn-workouts,
chords,4,lazy john (uke mix),traditional,chords,song,FALSE,ukulele-learn-workouts,
chords,4,la bamba (folk),traditional,chords,song,FALSE,ukulele-learn-workouts,
chords,4,john barleycorn,traditional,chords,song,FALSE,ukulele-learn-workouts,
chords,4,winter jazz,the yousicians,basic chords,song,FALSE,ukulele-learn-workouts,
chords,4,greensleeves (rock),traditional,chords,song,FALSE,ukulele-learn-workouts,
chords,4,wishing in the night,the yousicians,chords,song,FALSE,ukulele-learn-workouts,
chords,5,scarborough fair,traditional,chords,song,FALSE,ukulele-learn-workouts,
chords,5,house of the rising sun,traditional,chords,song,FALSE,ukulele-learn-workouts,
chords,5,follow me,reemes,chords,song,FALSE,ukulele-learn-workouts,
chords,5,adir hu,traditional,chords,song,FALSE,ukulele-learn-workouts,
chords,5,windy shores,the yousicians,uke chords,song,FALSE,ukulele-learn-workouts,
chords,5,artist love,the yousicians,ukulele chords,song,FALSE,ukulele-learn-workouts,
chords,5,irish rover,traditional,chords,song,FALSE,ukulele-learn-workouts,
chords,5,blues in A,the yousicians,uke chords,song,FALSE,ukulele-learn-workouts,
chords,5,jarabe tapatio,traditional,chords,song,FALSE,ukulele-learn-workouts,
chords,5,cardamom girl,the yousicians,intermediate chords,song,FALSE,ukulele-learn-workouts,
chords,5,come back to my life...ing,the yousicians,chords,song,FALSE,ukulele-learn-workouts,
chords,5,the yousician way,the yousicians,chords,song,FALSE,ukulele-learn-workouts,
chords,5,the day before today,the yousicians,cowboy chords,song,FALSE,ukulele-learn-workouts,
chords,5,summertime wicked,the yousicians,chords,song,FALSE,ukulele-learn-workouts,
chords,5,summer of love,the yousicians,chords,song,FALSE,ukulele-learn-workouts,
chords,5,st louis blues,traditional,chords,song,FALSE,ukulele-learn-workouts,
chords,5,rondo all turca (electro),wolfgang amadeus mozart,chords,song,FALSE,ukulele-learn-workouts,
chords,5,sharp driver,the yousicians,uke chords,song,FALSE,ukulele-learn-workouts,
chords,5,my kinda party,the yousicians,ukulele chords,song,FALSE,ukulele-learn-workouts,
chords,5,set me free,the yousicians,chords,song,FALSE,ukulele-learn-workouts,
chords,5,no turning back,the yousicians,cowboy chords,song,FALSE,ukulele-learn-workouts,
chords,5,guantanamera,traditional,chords,song,FALSE,ukulele-learn-workouts,
chords,5,dark lullaby,the yousicians,chords,song,FALSE,ukulele-learn-workouts,
chords,6,l'amour a paris,the yousicians,advanced chords,song,FALSE,ukulele-learn-workouts,
chords,6,demain,the yousicians,fancy chords,song,FALSE,ukulele-learn-workouts,
chords,6,pavane pour une infante dfunte,maurice ravel,chords,song,FALSE,ukulele-learn-workouts,
chords,6,wish it was '91 (short),the yousicians,chords,song,FALSE,ukulele-learn-workouts,
chords,6,sakkijarven polkka,traditional,chords,song,FALSE,ukulele-learn-workouts,
chords,6,no se bailar,joaquin luis,chords,song,FALSE,ukulele-learn-workouts,
chords,6,don't rust alone (reprise),the yousicians,chords v2,song,FALSE,ukulele-learn-workouts,
chords,6,shredder lee,the yousicians,chords,song,FALSE,ukulele-learn-workouts,
chords,6,fireflies,the yousicians,chords,song,FALSE,ukulele-learn-workouts,
chords,6,i'm so sad (sha la la la),the yousicians,chords,song,FALSE,ukulele-learn-workouts,
chords,6,midsummer memories,the yousicians,chords,song,FALSE,ukulele-learn-workouts,
chords,6,il folletto,the yousicians,chords,song,FALSE,ukulele-learn-workouts,
chords,6,in her majesty's secret band,the yousicians,ukulele chords,song,FALSE,ukulele-learn-workouts,
chords,6,memories of you,the yousicians,uke chords,song,FALSE,ukulele-learn-workouts,
chords,6,life is a poem,the yousicians,fancy chords,song,FALSE,ukulele-learn-workouts,
chords,6,cumbia de ukulele,the yousicians,chords,song,FALSE,ukulele-learn-workouts,
chords,6,earth hour (short),the yousicians,fancy chords,song,FALSE,ukulele-learn-workouts,
chords,6,the day before today,the yousicians,fancy chords,song,FALSE,ukulele-learn-workouts,
chords,6,fast machine,the yousicians,chords,song,FALSE,ukulele-learn-workouts,
chords,6,coming home to you,the yousicians,fancy chords,song,FALSE,ukulele-learn-workouts,
chords,6,barre your soul,the yousicians,open chords,song,FALSE,ukulele-learn-workouts,
chords,6,a night to rewind,the yousicians,intermediate chords,song,FALSE,ukulele-learn-workouts,
chords,6,feelin' good (pa pa pa),the yousicians,chords,song,FALSE,ukulele-learn-workouts,
chords,6,blues in F,the yousicians,uke chords,song,FALSE,ukulele-learn-workouts,
chords,6,bring on the ridden,the yousicians,chords,song,FALSE,ukulele-learn-workouts,
chords,7,stronger than life,the yousicians,moveable chords,song,FALSE,ukulele-learn-workouts,
chords,7,two five one,the yousicians,uke fancy chords,song,FALSE,ukulele-learn-workouts,
chords,7,kung fu hero,the yousicians,moveable chords,song,FALSE,ukulele-learn-workouts,
chords,7,don't hurry,the yousicians,moveable chords,song,FALSE,ukulele-learn-workouts,
chords,7,ride of the valkyries (in Gm),richard wagner,uke chords,song,FALSE,ukulele-learn-workouts,
chords,7,skateheart,the yousicians,moveable chords,song,FALSE,ukulele-learn-workouts,
chords,7,cafe olvido,the yousicians,uke chords,song,FALSE,ukulele-learn-workouts,
chords,8,anarchy in the ai (in C#),the yousicians,moveable chords,song,FALSE,ukulele-learn-workouts,
chords,8,danza macumba,the yousicians,moveable chords,song,FALSE,ukulele-learn-workouts,
chords,8,bipolarity (in Bm),the yousicians,moveable chords,song,FALSE,ukulele-learn-workouts,
chords,8,over the rooftops,the yousicians,moveable chords,song,FALSE,ukulele-learn-workouts,
chords,8,flat out,the yousicians,moveable chords,song,FALSE,ukulele-learn-workouts,
fingerpicking,3,island song,the yousicians,fingerpicking,song,FALSE,ukulele-learn-workouts,
fingerpicking,4,hammer song (uke mix),the yousicians,fingerpicking,song,FALSE,ukulele-learn-workouts,
fingerpicking,4,cowboy exit music (short),the yousicians,fingerpicking,song,FALSE,ukulele-learn-workouts,
fingerpicking,4,sail avay,the yousicians,fingerpicking,song,FALSE,ukulele-learn-workouts,
fingerpicking,5,crowded space,the yousicians,fingerpicking,song,FALSE,ukulele-learn-workouts,
fingerpicking,5,kaulana na pua,traditional,fingerpicking,song,FALSE,ukulele-learn-workouts,
fingerpicking,5,danny boy,traditional,fingerpicking,song,FALSE,ukulele-learn-workouts,
fingerpicking,5,compromises (uke mix),the yousicians,fingerpicking,song,FALSE,ukulele-learn-workouts,
fingerpicking,5,angels we have heard on high,traditional,fingerpicking,song,FALSE,ukulele-learn-workouts,
the pop star,2,adore you,miley cyrus,down and up,song,FALSE,ukulele-songs-popular,
fingerpicking,5,drink to me only with thine eyes,traditional,fingerpicking,song,FALSE,ukulele-learn-workouts,
fingerpicking,5,south carolina rag (uke mix),traditional,fingerpicking,song,FALSE,ukulele-learn-workouts,
fingerpicking,5,hawaii aloha,traditional,fingerpicking,song,FALSE,ukulele-learn-workouts,
fingerpicking,5,how will it be?,the yousicians,fingerpicking,song,FALSE,ukulele-learn-workouts,
fingerpicking,5,my loving brother,traditional,fingerpicking,song,FALSE,ukulele-learn-workouts,
fingerpicking,6,memories of you,the yousicians,fingerpicking,song,FALSE,ukulele-learn-workouts,
fingerpicking,6,"rest now, human",the yousicians,fingerpicking,song,FALSE,ukulele-learn-workouts,
fingerpicking,6,skipping stone,the yousicians,ukulele fingerpicking,song,FALSE,ukulele-learn-workouts,
fingerpicking,5,cordelia,the yousicians,fingerpicking,song,FALSE,ukulele-learn-workouts,
fingerpicking,7,hammer song,the yousicians,fingerpicking 2,song,FALSE,ukulele-learn-workouts,
fingerpicking,7,compromises (uke mix),the yousicians,fingerpicking 2,song,FALSE,ukulele-learn-workouts,
fingerpicking,7,alabama sunrise,the yousicians,fingerpicking 2,song,FALSE,ukulele-learn-workouts,
fingerpicking,7,my loving brother,traditional,fingerpicking,song,FALSE,ukulele-learn-workouts,
fingerpicking,7,solely you,the yousicians,fingerpicking,song,FALSE,ukulele-learn-workouts,
fingerpicking,7,song for tiina,the yousicians,fingerpicking,song,FALSE,ukulele-learn-workouts,
fingerpicking,7,la bamba (folk),traditional,advanced fingerpicking,song,FALSE,ukulele-learn-workouts,
fingerpicking,7,south carolina rag (uke mix),traditional,fingerpicking 2,song,FALSE,ukulele-learn-workouts,
fingerpicking,7,playing for change,the yousicians,fingerpicking 2,song,FALSE,ukulele-learn-workouts,
fingerpicking,7,hawaii aloha,traditional,solo arrangement,song,FALSE,ukulele-learn-workouts,
fingerpicking,7,pavilion farewell,the yousicians,solo arrangement,song,FALSE,ukulele-learn-workouts,
fingerpicking,7,song for tiina,the yousicians,solo arrangement,song,FALSE,ukulele-learn-workouts,
fingerpicking,7,tear hunter,the yousicians,solo arrangement,song,FALSE,ukulele-learn-workouts,
fingerpicking,7,walzing matilda (in G),traditional,solo arrangement,song,FALSE,ukulele-learn-workouts,
classical piano favorites,2,gymnopedie no.1,erik satie,melody,song,FALSE,ukulele-challenges,
classical piano favorites,4,gymnopedie no.1,erik satie,chords,song,FALSE,ukulele-challenges,
classical piano favorites,6,fur elise (challenge),ludwig van beethoven,chords,song,FALSE,ukulele-challenges,
classical piano favorites,8,fur elise (challenge),ludwig van beethoven,melody,song,FALSE,ukulele-challenges,
at the gym,2,person of the hour,the yousicians,melody,song,FALSE,ukulele-challenges,
at the gym,4,the gentle art of pumping,the yousicians,chords,song,FALSE,ukulele-challenges,
at the gym,6,person of the hour,the yousicians,chords,song,FALSE,ukulele-challenges,
at the gym,8,the gentle art of pumping,the yousicians,melody,song,FALSE,ukulele-challenges,
carols through the ages,2,carol of the bells,mykola leontovych,melody,song,FALSE,ukulele-challenges,
carols through the ages,4,god rest ye merry gentleman (in Am),traditional,chords,song,FALSE,ukulele-challenges,
carols through the ages,6,carol of the bells,mykola leontovych,chords,song,FALSE,ukulele-challenges,
carols through the ages,8,god rest ye merry gentleman,traditional,double stops,song,FALSE,ukulele-challenges,
swing with santa,2,o little town of betlehem,lewis redner,melody,song,FALSE,ukulele-challenges,
swing with santa,4,away in a manger,traditional,chords,song,FALSE,ukulele-challenges,
swing with santa,5,away in a manger,traditional,melody,song,FALSE,ukulele-challenges,
swing with santa,8,o little town of betlehem,lewis redner,chords,song,FALSE,ukulele-challenges,
life on horseback,2,life on horseback,the yousicians,melody,song,FALSE,ukulele-challenges,
life on horseback,4,bring me the sheriff,the yousicians,chords,song,FALSE,ukulele-challenges,
life on horseback,6,bring me the sheriff,the yousicians,melody,song,FALSE,ukulele-challenges,
life on horseback,8,life on horseback,the yousicians,fingerpicking,song,FALSE,ukulele-challenges,
fire & ice - iceland 100 years,2,ladimagia,the yousicians,melody,song,FALSE,ukulele-challenges,
fire & ice - iceland 100 years,4,ladimagia,the yousicians,chords,song,FALSE,ukulele-challenges,
fire & ice - iceland 100 years,6,vulkanik,the yousicians,chords,song,FALSE,ukulele-challenges,
fire & ice - iceland 100 years,8,vulkanik,the yousicians,fingerpicking,song,FALSE,ukulele-challenges,
strum with the machines,2,worry free,the yousicians,melody,song,FALSE,ukulele-challenges,
strum with the machines,4,light the spark,the yousicians,chords,song,FALSE,ukulele-challenges,
strum with the machines,6,worry free,the yousicians,chords,song,FALSE,ukulele-challenges,
strum with the machines,8,light the spark,the yousicians,melody,song,FALSE,ukulele-challenges,
three minute love story,3,anhelo,the yousicians,melody,song,FALSE,ukulele-challenges,
three minute love story,4,buenos aires,the yousicians,chords,song,FALSE,ukulele-challenges,
three minute love story,7,anhelo,the yousicians,fingerpicking,song,FALSE,ukulele-challenges,
three minute love story,8,buenos aires,the yousicians,double stops,song,FALSE,ukulele-challenges,
the challenge must go on,2,the excalibur,the yousicians,melody,song,FALSE,ukulele-challenges,
the challenge must go on,4,waltz into the night,the yousicians,chords,song,FALSE,ukulele-challenges,
the challenge must go on,7,waltz into the night,the yousicians,melody,song,FALSE,ukulele-challenges,
the challenge must go on,8,the excalibur,the yousicians,chords,song,FALSE,ukulele-challenges,
-,8,seasons of love,rent,full bass,song,TRUE,bass-home-new,
play strings,0,intro & tuning,-,-,video,FALSE,bass-learn-missions,-
play strings,0,video: plucking strings,-,-,video,FALSE,bass-learn-missions,-
play strings,0,bass gangsta walkthrough,the yousicians,exercise,song,FALSE,bass-learn-missions,-
play strings,0,open all night,the yousicians,open strings,song,FALSE,bass-learn-missions,-
play frets,0,video: fretting notes,-,-,video,FALSE,bass-learn-missions,-
play frets,0,somewhere (lesson),the yousicians,exercise,song,FALSE,bass-learn-missions,-
play frets,0,video: how to practice,-,-,video,FALSE,bass-learn-missions,-
play frets,0,birds of steel,the yousicians,basic riff,song,FALSE,bass-learn-missions,-
unlock level 1,0,quiz: strings and frets,-,-,quiz,FALSE,bass-learn-missions,-
unlock level 1,0,set me free (short),the yousicians,skill test,song,FALSE,bass-learn-missions,-
unlock level 9,9,longing for your love,the yousicians,skill test,song,FALSE,bass-learn-missions,playing
triplets & three fingers,9,video: three-finger-plucking,-,-,video,FALSE,bass-learn-missions,playing
triplets & three fingers,9,la folia (metal),traditional,triplets,song,FALSE,bass-learn-missions,playing
triplets & three fingers,9,the grim librarian,the yousicians,full bass,song,FALSE,bass-learn-missions,playing
triplets & three fingers,9,wrath of the rising king,the yousicians,bass,song,FALSE,bass-learn-missions,playing
triplets & three fingers,9,rise of the pumpkins,the yousicians,full bass,song,FALSE,bass-learn-missions,playing
triplets & three fingers,9,eddie rides again,the yousicians,bass,song,FALSE,bass-learn-missions,playing
fast and furious riffs,9,flying through the night,?,slides,song,FALSE,bass-learn-missions,playing
fast and furious riffs,9,march on fire,?,full bass,song,FALSE,bass-learn-missions,playing
fast and furious riffs,9,looks don't deceive,?,full bass,song,FALSE,bass-learn-missions,playing
fast and furious riffs,9,spandex nigthmares,?,rock bass,song,FALSE,bass-learn-missions,playing
fast and furious riffs,9,don't need you no more,?,bass,song,FALSE,bass-learn-missions,playing
rock on,2,black,pearl jam,basic bass,song,TRUE,bass-songs-popular,
classical piano favorites,1,gymnopedie no.1,erik satie,basic bass,song,FALSE,bass-challenges,
classical piano favorites,2,fur elise (challenge),ludwig van beethoven,basic bass,song,FALSE,bass-challenges,
classical piano favorites,5,gymnopedie no.1,erik satie,melody,song,FALSE,bass-challenges,
classical piano favorites,7,fur elise (challenge),ludwig van beethoven,melody,song,FALSE,bass-challenges,
at the gym,2,person of the hour,the yousicians,basic bass,song,FALSE,bass-challenges,
at the gym,3,the gentle art of pumping,the yousicians,basic bass,song,FALSE,bass-challenges,
at the gym,7,the gentle art of pumping,the yousicians,full bass,song,FALSE,bass-challenges,
at the gym,8,person of the hour,the yousicians,full bass,song,FALSE,bass-challenges,
carols through the ages,2,god rest ye merry gentleman,traditional,basic bass,song,FALSE,bass-challenges,
carols through the ages,2,carol of the bells,mykola leontovych,basic bass,song,FALSE,bass-challenges,
carols through the ages,4,god rest ye merry gentleman,traditional,full bass,song,FALSE,bass-challenges,
carols through the ages,6,carol of the bells,mykola leontovych,melody,song,FALSE,bass-challenges,
swing with santa,2,away in a manger,traditional,basic bass,song,FALSE,bass-challenges,
swing with santa,2,o little town of betlehem,lewis redner,basic bass,song,FALSE,bass-challenges,
swing with santa,4,away in a manger,traditional,full bass,song,FALSE,bass-challenges,
swing with santa,5,o little town of betlehem,lewis redner,full bass,song,FALSE,bass-challenges,
life on horseback,1,life on horseback,the yousicians,basic bass,song,FALSE,bass-challenges,
life on horseback,2,bring me the sheriff,the yousicians,basic bass,song,FALSE,bass-challenges,
life on horseback,4,life on horseback,the yousicians,full bass,song,FALSE,bass-challenges,
life on horseback,7,bring me the sheriff,the yousicians,full bass,song,FALSE,bass-challenges,
fire & ice - iceland 100 years,1,vulkanik,the yousicians,basic bass,song,FALSE,bass-challenges,
fire & ice - iceland 100 years,2,ladimagia,the yousicians,basic bass,song,FALSE,bass-challenges,
fire & ice - iceland 100 years,5,ladimagia,the yousicians,full bass,song,FALSE,bass-challenges,
fire & ice - iceland 100 years,6,vulkanik,the yousicians,full bass,song,FALSE,bass-challenges,
strum with the machines,1,light the spark,the yousicians,basic bass,song,FALSE,bass-challenges,
strum with the machines,2,worry free,the yousicians,basic bass,song,FALSE,bass-challenges,
strum with the machines,5,light the spark,the yousicians,full bass,song,FALSE,bass-challenges,
strum with the machines,6,worry free,the yousicians,full bass,song,FALSE,bass-challenges,
three minute love story,1,anhelo,the yousicians,basic bass,song,FALSE,bass-challenges,
three minute love story,2,buenos aires,the yousicians,basic bass,song,FALSE,bass-challenges,
three minute love story,4,anhelo,the yousicians,full bass,song,FALSE,bass-challenges,
three minute love story,5,buenos aires,the yousicians,full bass,song,FALSE,bass-challenges,
the challenge must go on,2,waltz into the night,the yousicians,basic bass,song,FALSE,bass-challenges,
the challenge must go on,3,the excalibur,the yousicians,basic bass,song,FALSE,bass-challenges,
the challenge must go on,6,waltz into the night,the yousicians,full bass,song,FALSE,bass-challenges,
the challenge must go on,7,the excalibur,the yousicians,full bass,song,FALSE,bass-challenges,
-,4,scar tissue,red hot chili peppers,lead vocals,song,TRUE,voice-home-new,
getting started,0,introduction,-,-,video,FALSE,voice-learn-missions,-
getting started,0,singing with yousician,the yousicians,tutorial,song,FALSE,voice-learn-missions,-
getting started,0,island nights (call & response),the yousicians,lead vocals,song,FALSE,voice-learn-missions,-
getting started,0,chase the notes: listen and repeat!,-,-,trainer,FALSE,voice-learn-missions,-
getting started,0,lyrics in yousician,the yousicians,tutorial,song,FALSE,voice-learn-missions,-
getting started,0,island nights,the yousicians,lead vocals,song,FALSE,voice-learn-missions,-
unlock level 1,0,unlock level 1,-,-,quiz,FALSE,voice-learn-missions,-
warm ups,0,body warm up - shake it,-,-,video,FALSE,voice-learn-workouts,
rock on,1,sweet home alabama,lynyrd skynyrd,lead vocals,song,TRUE,voice-songs-popular,